COUNTY_ID,COUNTY,TOWN_ID,TOWN,LINF01_T,LINF01_C1,LINF01_C2,LINF01_C3,LINF01_C4,LINF01_C5,LINF01_C6,LINF01_C7,LINF01_C8,LINF01_C9,LINF01_C10,LINF01_C11,LINF01_C12,LINF02_T,LINF02_C1,LINF02_C2,LINF02_C3,LINF02_C4,LINF02_C5,LINF02_C6,LINF02_C7,LINF02_C8,LINF02_C9,LINF02_C10,LINF02_C11,LINF02_C12,LINF03_T,LINF03_C1,LINF03_C2,LINF03_C3,LINF03_C4,LINF03_C5,LINF03_C6,LINF03_C7,LINF03_C8,LINF03_C9,LINF03_C10,LINF03_C11,LINF03_C12,LINF04_T,LINF04_C1,LINF04_C2,LINF04_C3,LINF04_C4,LINF04_C5,LINF04_C6,LINF04_C7,LINF04_C8,LINF04_C9,LINF04_C10,LINF04_C11,LINF04_C12,LINF05_T,LINF05_C1,LINF05_C2,LINF05_C3,LINF05_C4,LINF05_C5,LINF05_C6,LINF05_C7,LINF05_C8,LINF05_C9,LINF05_C10,LINF05_C11,LINF05_C12,LINF06_T,LINF06_C1,LINF06_C2,LINF06_C3,LINF06_C4,LINF06_C5,LINF06_C6,LINF06_C7,LINF06_C8,LINF06_C9,LINF06_C10,LINF06_C11,LINF06_C12,INFO_TIME
縣市代碼,縣市名稱,鄉鎮市區代碼,鄉鎮市區名稱,不含車位_各建物型態合計棟數,不含車位_公寓棟數,不含車位_透天厝棟數,不含車位_店面(店舖)棟數,不含車位_辦公商業大樓棟數,不含車位_住宅大樓棟數,不含車位_華廈棟數,不含車位_套房棟數,不含車位_工廠棟數,不含車位_廠辦棟數,不含車位_農舍棟數,不含車位_倉庫棟數,不含車位_其他建物型態棟數,不含車位_各建物型態合計面積,不含車位_公寓面積,不含車位_透天厝面積,不含車位_店面(店舖)面積,不含車位_辦公商業大樓面積,不含車位_住宅大樓面積,不含車位_華廈面積,不含車位_套房面積,不含車位_工廠面積,不含車位_廠辦面積,不含車位_農舍面積,不含車位_倉庫面積,不含車位_其他建物型態面積,不含車位_各建物型態整體中位數房價,不含車位_公寓中位數房價,不含車位_透天厝中位數房價,不含車位_店面(店舖)中位數房價,不含車位_辦公商業大樓中位數房價,不含車位_住宅大樓中位數房價,不含車位_華廈中位數房價,不含車位_套房中位數房價,不含車位_工廠中位數房價,不含車位_廠辦中位數房價,不含車位_農舍中位數房價,不含車位_倉庫中位數房價,不含車位_其他建物型態中位數房價,含車位_各建物型態合計棟數,含車位_公寓棟數,含車位_透天厝棟數,含車位_店面(店舖)棟數,含車位_辦公商業大樓棟數,含車位_住宅大樓棟數,含車位_華廈棟數,含車位_套房棟數,含車位_工廠棟數,含車位_廠辦棟數,含車位_農舍棟數,含車位_倉庫棟數,含車位_其他建物型態棟數,含車位_各建物型態合計面積,含車位_公寓面積,含車位_透天厝面積,含車位_店面(店舖)面積,含車位_辦公商業大樓面積,含車位_住宅大樓面積,含車位_華廈面積,含車位_套房面積,含車位_工廠面積,含車位_廠辦面積,含車位_農舍面積,含車位_倉庫面積,含車位_其他建物型態面積,含車位_各建物型態整體中位數房價,含車位_公寓中位數房價,含車位_透天厝中位數房價,含車位_店面(店舖)中位數房價,含車位_辦公商業大樓中位數房價,含車位_住宅大樓中位數房價,含車位_華廈中位數房價,含車位_套房中位數房價,含車位_工廠中位數房價,含車位_廠辦中位數房價,含車位_農舍中位數房價,含車位_倉庫中位數房價,含車位_其他建物型態中位數房價,資料時間
09007,連江縣,09007010,南竿鄉,3,,,,,,3,,,,,,,102.92,,,,,,102.92,,,,,,,4500000,,,,,,4500000,,,,,,,,,,,,,,,,,,,,,,,,,,,,,,,,,,,,,,,,,,,,,,"112Y"
09007,連江縣,09007020,北竿鄉,,,,,,,,,,,,,,,,,,,,,,,,,,,,,,,,,,,,,,,,,,,,,,,,,,,,,,,,,,,,,,,,,,,,,,,,,,,,,,,"112Y"
09007,連江縣,09007030,莒光鄉,,,,,,,,,,,,,,,,,,,,,,,,,,,,,,,,,,,,,,,,,,,,,,,,,,,,,,,,,,,,,,,,,,,,,,,,,,,,,,,"112Y"
09007,連江縣,09007040,東引鄉,,,,,,,,,,,,,,,,,,,,,,,,,,,,,,,,,,,,,,,,,,,,,,,,,,,,,,,,,,,,,,,,,,,,,,,,,,,,,,,"112Y"
09020,金門縣,09020010,金城鎮,67,19,11,,,1,36,,,,,,,2023.97,388.62,595.90,,,12.86,1026.59,,,,,,,6300000,4700000,13000000,,,2700000,6745000,,,,,,,,,,,,,,,,,,,,,,,,,,,,,,,,,,,,,,,,,,,,,,"112Y"
09020,金門縣,09020020,金沙鎮,25,6,6,,,,13,,,,,,,695.21,138.63,315.11,,,,241.48,,,,,,,3650000,3650000,6550000,,,,3300000,,,,,,,,,,,,,,,,,,,,,,,,,,,,,,,,,,,,,,,,,,,,,,"112Y"
09020,金門縣,09020030,金湖鎮,117,24,32,,,1,60,,,,,,,4630.74,617.88,2336.72,,,44.06,1632.09,,,,,,,6680000,5500000,12400000,,,10630000,6000000,,,,,,,15,,,,,,15,,,,,,,625.11,,,,,,625.11,,,,,,,7500000,,,,,,7500000,,,,,,,"112Y"
09020,金門縣,09020040,金寧鄉,195,61,17,,,,117,,,,,,,5736.47,1165.68,922.02,,,,3648.76,,,,,,,6700000,4150000,12500000,,,,7396700,,,,,,,8,4,1,,,,3,,,,,,,346.21,196.98,86.43,,,,62.81,,,,,,,7740000,8300000,14800000,,,,1000000,,,,,,,"112Y"
09020,金門縣,09020050,烈嶼鄉,1,,1,,,,,,,,,,,56.72,,56.72,,,,,,,,,,,9700000,,9700000,,,,,,,,,,,,,,,,,,,,,,,,,,,,,,,,,,,,,,,,,,,,,,,,,,"112Y"
09020,金門縣,09020060,烏坵鄉,,,,,,,,,,,,,,,,,,,,,,,,,,,,,,,,,,,,,,,,,,,,,,,,,,,,,,,,,,,,,,,,,,,,,,,,,,,,,,,"112Y"
10002,宜蘭縣,10002010,宜蘭市,750,90,397,,,81,182,,,,,,,34131.89,2828.44,22301.29,,,2768.47,6233.69,,,,,,,7600000,4500000,11800000,,,9000000,5100000,,,,,,,169,2,5,,,65,97,,,,,,,8605.18,146.24,358.19,,,3516.02,4584.73,,,,,,,8600000,7990000,18600000,,,9650000,7700000,,,,,,,"112Y"
10002,宜蘭縣,10002020,羅東鎮,494,60,202,,,62,170,,,,,,,20432.86,1658.37,10485.13,,,1979.19,6310.16,,,,,,,6050000,4325000,10975000,,,5300000,5240000,,,,,,,105,5,2,,,34,64,,,,,,,5275.30,252.83,183.11,,,1682.85,3156.51,,,,,,,7800000,6500000,22925000,,,8430000,7500000,,,,,,,"112Y"
10002,宜蘭縣,10002030,蘇澳鎮,209,29,146,,,8,26,,,,,,,11710.25,867.72,9853.35,,,214.28,774.90,,,,,,,3950000,2260000,5319000,,,3075000,3915000,,,,,,,12,1,,,,,11,,,,,,,361.64,35.40,,,,,326.25,,,,,,,5395000,3900000,,,,,5400000,,,,,,,"112Y"
10002,宜蘭縣,10002040,頭城鎮,205,6,112,,,47,40,,,,,,,8619.82,239.47,5975.54,,,1288.43,1116.37,,,,,,,7080000,4690000,9525000,,,6800000,5570000,,,,,,,21,1,,,,8,12,,,,,,,820.14,44.46,,,,340.13,435.55,,,,,,,7580000,8800000,,,,9875000,7030000,,,,,,,"112Y"
10002,宜蘭縣,10002050,礁溪鄉,610,41,160,,,230,179,,,,,,,19567.95,1351.59,9199.16,,,5451.59,3565.62,,,,,,,7250000,3000000,11440000,,,8545000,3500000,,,,,,,83,,19,,,39,25,,,,,,,3866.50,,1572.92,,,1484.20,809.38,,,,,,,10100000,,16750000,,,10100000,6700000,,,,,,,"112Y"
10002,宜蘭縣,10002060,壯圍鄉,130,13,103,,,,14,,,,,,,6719.51,444.52,5888.67,,,,386.32,,,,,,,7000000,4100000,7800000,,,,6200000,,,,,,,4,,2,,,,2,,,,,,,230.83,,160.98,,,,69.85,,,,,,,13100000,,18150000,,,,8825000,,,,,,,"112Y"
10002,宜蘭縣,10002070,員山鄉,159,5,143,,,,11,,,,,,,9413.57,167.17,8966.31,,,,280.10,,,,,,,10380000,3900000,11000000,,,,4500000,,,,,,,14,,1,,,,13,,,,,,,544.14,,82.68,,,,461.46,,,,,,,5600000,,12120000,,,,5000000,,,,,,,"112Y"
10002,宜蘭縣,10002080,冬山鄉,382,21,300,,,,61,,,,,,,18938.64,604.04,17033.27,,,,1301.34,,,,,,,8000000,3800000,9500000,,,,4850000,,,,,,,43,1,7,,,,35,,,,,,,1553.71,36.27,407.01,,,,1110.43,,,,,,,6650000,7550000,6650000,,,,6250000,,,,,,,"112Y"
10002,宜蘭縣,10002090,五結鄉,354,8,252,,,29,65,,,,,,,20565.42,261.77,18007.85,,,684.56,1611.24,,,,,,,7925000,3300000,9240000,,,2575000,4680000,,,,,,,96,18,9,,,12,57,,,,,,,4677.24,852.76,1166.31,,,572.38,2085.79,,,,,,,5775000,3350000,13600000,,,10300000,5900000,,,,,,,"112Y"
10002,宜蘭縣,10002100,三星鄉,179,5,162,,,,11,,,,,,1,9747.22,138.54,9157.26,,,,383.88,,,,,,67.54,10500000,2850000,10750000,,,,6080000,,,,,,6950000,13,,,,,,13,,,,,,,451.48,,,,,,451.48,,,,,,,6580000,,,,,,6580000,,,,,,,"112Y"
10002,宜蘭縣,10002110,大同鄉,2,,2,,,,,,,,,,,145.88,,145.88,,,,,,,,,,,14540000,,14540000,,,,,,,,,,,,,,,,,,,,,,,,,,,,,,,,,,,,,,,,,,,,,,,,,,"112Y"
10002,宜蘭縣,10002120,南澳鄉,,,,,,,,,,,,,,,,,,,,,,,,,,,,,,,,,,,,,,,,,,,,,,,,,,,,,,,,,,,,,,,,,,,,,,,,,,,,,,,"112Y"
10004,新竹縣,10004010,竹北市,730,25,272,,,252,177,,2,1,1,,,35698.55,632.50,19203.67,,,10782.20,4648.97,,103.70,264.85,62.64,,,14910000,5200000,18090000,,,17160000,6550000,,48500000,55700000,22000000,,,1339,14,17,,,1020,284,,,4,,,,71584.14,415.21,1375.18,,,55170.20,13950.87,,,672.69,,,,18300000,8750000,30880000,,,19921202,11750000,,,32592500,,,,"112Y"
10004,新竹縣,10004020,竹東鎮,406,29,231,,,52,94,,,,,,,16730.71,970.27,11693.62,,,1525.57,2541.25,,,,,,,6050000,3400000,8500000,,,4900000,4450000,,,,,,,255,8,9,,,142,96,,,,,,,11889.05,373.08,706.37,,,6865.77,3943.84,,,,,,,10360000,6325000,12500000,,,14030000,7200000,,,,,,,"112Y"
10004,新竹縣,10004030,新埔鎮,86,1,76,,,3,4,,,,2,,,4275.31,25.53,3915.48,,,96.55,123.14,,,,114.61,,,11450000,4700000,13400000,,,9500000,6290000,,,,18500000,,,69,,5,,,45,19,,,,,,,3042.92,,308.76,,,1946.40,787.76,,,,,,,12000000,,14000000,,,12500000,8800000,,,,,,,"112Y"
10004,新竹縣,10004040,關西鎮,51,5,38,,,,7,,,,1,,,2642.44,188.13,2041.88,,,,244.67,,,,167.76,,,5875000,3300000,6600000,,,,4800000,,,,60200000,,,31,1,15,,,2,13,,,,,,,1575.99,46.82,881.74,,,99.26,548.17,,,,,,,8000000,2680000,10230000,,,10000000,7300000,,,,,,,"112Y"
10004,新竹縣,10004050,湖口鄉,615,51,380,,,3,181,,,,,,,32880.47,1393.47,26990.03,,,106.11,4390.86,,,,,,,6900000,4000000,10775000,,,4600000,5000000,,,,,,,219,6,29,,,31,153,,,,,,,11509.15,240.25,4613.77,,,1362.47,5292.66,,,,,,,8150000,5417500,13300000,,,11350000,6850000,,,,,,,"112Y"
10004,新竹縣,10004060,新豐鄉,336,28,238,,,9,61,,,,,,,16250.74,675.56,13578.35,,,322.25,1674.58,,,,,,,7800000,3250000,10500000,,,4200000,5100000,,,,,,,99,6,7,,,7,79,,,,,,,3509.75,269.34,338.87,,,237.21,2664.34,,,,,,,7700000,4690000,6300000,,,7300000,8200000,,,,,,,"112Y"
10004,新竹縣,10004070,芎林鄉,77,6,60,,,,11,,,,,,,3668.61,282.61,3154.91,,,,231.08,,,,,,,6600000,1888550,11680000,,,,2200000,,,,,,,11,,2,,,3,6,,,,,,,602.20,,175.97,,,174.03,252.20,,,,,,,12600000,,15540000,,,16830000,5330000,,,,,,,"112Y"
10004,新竹縣,10004080,橫山鄉,11,1,10,,,,,,,,,,,620.13,58.97,561.16,,,,,,,,,,,10500000,13000000,8875000,,,,,,,,,,,2,,1,,,,1,,,,,,,93.16,,55.43,,,,37.74,,,,,,,5300000,,5600000,,,,5000000,,,,,,,"112Y"
10004,新竹縣,10004090,北埔鄉,20,4,16,,,,,,,,,,,925.76,144.22,781.54,,,,,,,,,,,3600000,2887500,4400000,,,,,,,,,,,1,,1,,,,,,,,,,,409.83,,409.83,,,,,,,,,,,25000000,,25000000,,,,,,,,,,,"112Y"
10004,新竹縣,10004100,寶山鄉,46,1,38,,,,7,,,,,,,4188.19,36.89,3928.53,,,,222.77,,,,,,,15487590,4200000,18975000,,,,6000000,,,,,,,38,4,2,,,,32,,,,,,,1700.90,160.14,151.91,,,,1388.85,,,,,,,11800000,7500000,22500000,,,,11800000,,,,,,,"112Y"
10004,新竹縣,10004110,峨眉鄉,9,,7,,,,2,,,,,,,403.87,,385.83,,,,18.04,,,,,,,3150000,,3200000,,,,530000,,,,,,,1,,,,,,1,,,,,,,39.37,,,,,,39.37,,,,,,,2100000,,,,,,2100000,,,,,,,"112Y"
10004,新竹縣,10004120,尖石鄉,1,,1,,,,,,,,,,,59.77,,59.77,,,,,,,,,,,2500000,,2500000,,,,,,,,,,,,,,,,,,,,,,,,,,,,,,,,,,,,,,,,,,,,,,,,,,"112Y"
10004,新竹縣,10004130,五峰鄉,,,,,,,,,,,,,,,,,,,,,,,,,,,,,,,,,,,,,,,,,,,,,,,,,,,,,,,,,,,,,,,,,,,,,,,,,,,,,,,"112Y"
10005,苗栗縣,10005010,苗栗市,514,56,330,,,37,91,,,,,,,23512.89,2167.49,17726.23,,,1412.07,2207.10,,,,,,,4925000,2740000,7670000,,,3500000,3430000,,,,,,,193,4,7,,,21,161,,,,,,,7595.48,174.80,531.67,,,919.56,5969.45,,,,,,,6500000,3030000,6500000,,,5680000,7000000,,,,,,,"112Y"
10005,苗栗縣,10005020,苑裡鎮,121,9,99,,,,13,,,,,,,5902.51,353.66,5109.13,,,,439.72,,,,,,,7000000,3700000,7500000,,,,5100000,,,,,,,31,,5,,,,26,,,,,,,1297.76,,317.44,,,,980.31,,,,,,,6500000,,13500000,,,,6100000,,,,,,,"112Y"
10005,苗栗縣,10005030,通霄鎮,93,6,82,,,4,1,,,,,,,4361.21,192.27,3994.55,,,141.23,33.16,,,,,,,3680000,3475000,3850000,,,2290000,3000000,,,,,,,1,,1,,,,,,,,,,,40.19,,40.19,,,,,,,,,,,3000000,,3000000,,,,,,,,,,,"112Y"
10005,苗栗縣,10005040,竹南鎮,536,16,367,,,43,70,39,,,,,1,25078.31,540.93,20232.63,,,1481.40,2426.04,317.60,,,,,79.71,8550000,3500000,12000000,,,6250000,5650000,1015152,,,,,22729000,431,3,19,1,,156,252,,,,,,,17672.60,94.89,1023.08,95.62,,6945.61,9513.40,,,,,,,8530000,8730000,5977778,25000000,,9250000,8350000,,,,,,,"112Y"
10005,苗栗縣,10005050,頭份市,568,54,301,,,59,153,,,,,,1,25981.20,2216.93,17277.14,,,1755.56,4677.34,,,,,,54.24,6160000,2965000,11000000,,,6140000,4780000,,,,,,1714200,422,4,5,,,246,167,,,,,,,18523.54,144.55,380.72,,,11510.39,6487.88,,,,,,,9940000,7150000,11000000,,,11740000,7600000,,,,,,,"112Y"
10005,苗栗縣,10005060,後龍鎮,106,,96,,,2,8,,,,,,,5349.94,,5019.59,,,55.89,274.46,,,,,,,6390000,,6390000,,,10750000,5375000,,,,,,,9,,1,,,1,7,,,,,,,366.62,,91.93,,,51.92,222.78,,,,,,,7000000,,6500000,,,8060000,7000000,,,,,,,"112Y"
10005,苗栗縣,10005070,卓蘭鎮,15,,14,,,,1,,,,,,,630.94,,598.93,,,,32.01,,,,,,,5250000,,5275000,,,,2600000,,,,,,,1,,,,,,1,,,,,,,41.93,,,,,,41.93,,,,,,,4660000,,,,,,4660000,,,,,,,"112Y"
10005,苗栗縣,10005080,大湖鄉,30,,28,,,,2,,,,,,,1505.21,,1463.11,,,,42.10,,,,,,,4700000,,5050000,,,,1555000,,,,,,,2,,2,,,,,,,,,,,174.02,,174.02,,,,,,,,,,,4065000,,4065000,,,,,,,,,,,"112Y"
10005,苗栗縣,10005090,公館鄉,123,,120,,,,3,,,,,,,6723.01,,6650.75,,,,72.25,,,,,,,9020000,,9280000,,,,2450000,,,,,,,22,,2,,,,20,,,,,,,778.49,,145.16,,,,633.33,,,,,,,5910000,,14575000,,,,5550000,,,,,,,"112Y"
10005,苗栗縣,10005100,銅鑼鄉,53,8,43,,,,2,,,,,,,2783.83,281.11,2453.37,,,,49.35,,,,,,,5650000,3500000,7300000,,,,3100000,,,,,,,7,,,,,,7,,,,,,,269.57,,,,,,269.57,,,,,,,7000000,,,,,,7000000,,,,,,,"112Y"
10005,苗栗縣,10005110,南庄鄉,15,1,14,,,,,,,,,,,1044.64,26.57,1018.07,,,,,,,,,,,4420000,6500000,4310000,,,,,,,,,,,,,,,,,,,,,,,,,,,,,,,,,,,,,,,,,,,,,,,,,,"112Y"
10005,苗栗縣,10005120,頭屋鄉,35,1,33,,,,1,,,,,,,1654.42,33.55,1591.30,,,,29.58,,,,,,,5050000,2180000,5050000,,,,5050000,,,,,,,2,,,,,,2,,,,,,,139.70,,,,,,139.70,,,,,,,6425000,,,,,,6425000,,,,,,,"112Y"
10005,苗栗縣,10005130,三義鄉,48,2,44,,,,2,,,,,,,2277.90,61.14,2157.31,,,,59.45,,,,,,,5269000,2890000,5750000,,,,2840000,,,,,,,1,,,,,,1,,,,,,,44.88,,,,,,44.88,,,,,,,3850000,,,,,,3850000,,,,,,,"112Y"
10005,苗栗縣,10005140,西湖鄉,4,,4,,,,,,,,,,,99.14,,99.14,,,,,,,,,,,2705000,,2705000,,,,,,,,,,,,,,,,,,,,,,,,,,,,,,,,,,,,,,,,,,,,,,,,,,"112Y"
10005,苗栗縣,10005150,造橋鄉,121,57,27,,,,2,35,,,,,,1929.18,540.43,1110.26,,,,17.16,261.33,,,,,,780000,760000,3800000,,,,625000,700000,,,,,,,,,,,,,,,,,,,,,,,,,,,,,,,,,,,,,,,,,,,,,"112Y"
10005,苗栗縣,10005160,三灣鄉,9,1,8,,,,,,,,,,,357.95,34.30,323.64,,,,,,,,,,,3000000,3000000,3750000,,,,,,,,,,,,,,,,,,,,,,,,,,,,,,,,,,,,,,,,,,,,,,,,,,"112Y"
10005,苗栗縣,10005170,獅潭鄉,6,,6,,,,,,,,,,,198.80,,198.80,,,,,,,,,,,7600000,,7600000,,,,,,,,,,,,,,,,,,,,,,,,,,,,,,,,,,,,,,,,,,,,,,,,,,"112Y"
10005,苗栗縣,10005180,泰安鄉,,,,,,,,,,,,,,,,,,,,,,,,,,,,,,,,,,,,,,,,,,,,,,,,,,,,,,,,,,,,,,,,,,,,,,,,,,,,,,,"112Y"
10007,彰化縣,10007010,彰化市,844,83,590,,,64,107,,,,,,,44820.46,2345.11,37190.56,,,2095.80,3188.99,,,,,,,8000000,4250000,10475000,,,5500000,5400000,,,,,,,220,4,16,,,121,79,,,,,,,10396.74,124.09,1281.64,,,5521.56,3469.45,,,,,,,7900000,5500000,18000000,,,7800000,7710000,,,,,,,"112Y"
10007,彰化縣,10007020,鹿港鎮,179,1,159,,,,13,,,5,,,1,11105.11,24.28,9049.82,,,,422.80,,,1568.43,,,39.79,11104200,3000000,11500000,,,,4350000,,,57600000,,,3000000,28,,2,,,4,22,,,,,,,1412.08,,283.39,,,150.90,977.78,,,,,,,5950000,,37940000,,,6375000,5756000,,,,,,,"112Y"
10007,彰化縣,10007030,和美鎮,227,4,205,,,4,14,,,,,,,11542.20,130.44,10902.19,,,119.41,390.15,,,,,,,10000000,4150000,11200000,,,5310000,5900000,,,,,,,24,,8,,,4,12,,,,,,,1181.25,,619.97,,,160.31,400.97,,,,,,,6880000,,16100000,,,6540000,6780000,,,,,,,"112Y"
10007,彰化縣,10007040,線西鄉,35,,35,,,,,,,,,,,1854.86,,1854.86,,,,,,,,,,,9200000,,9200000,,,,,,,,,,,,,,,,,,,,,,,,,,,,,,,,,,,,,,,,,,,,,,,,,,"112Y"
10007,彰化縣,10007050,伸港鄉,98,1,93,,,,4,,,,,,,5215.49,24.61,5089.05,,,,101.83,,,,,,,9650000,6800000,9800000,,,,4890000,,,,,,,20,,14,,,,6,,,,,,,999.65,,812.89,,,,186.76,,,,,,,13670000,,13925000,,,,4450000,,,,,,,"112Y"
10007,彰化縣,10007060,福興鄉,89,1,83,,,5,,,,,,,,4115.79,31.63,3930.65,,,153.51,,,,,,,,6600000,3500000,7000000,,,4100000,,,,,,,,9,,2,,,4,3,,,,,,,367.20,,123.65,,,127.35,116.20,,,,,,,5800000,,11500000,,,5000000,5400000,,,,,,,"112Y"
10007,彰化縣,10007070,秀水鄉,142,,142,,,,,,,,,,,8331.86,,8331.86,,,,,,,,,,,10690000,,10690000,,,,,,,,,,,7,2,2,,,,3,,,,,,,430.20,133.86,136.94,,,,159.40,,,,,,,10360000,11240000,12000000,,,,6850000,,,,,,,"112Y"
10007,彰化縣,10007080,花壇鄉,92,,88,,,,4,,,,,,,4685.22,,4412.90,,,,272.32,,,,,,,6540000,,6500000,,,,8250000,,,,,,,1,,1,,,,,,,,,,,41.89,,41.89,,,,,,,,,,,13000000,,13000000,,,,,,,,,,,"112Y"
10007,彰化縣,10007090,芬園鄉,44,,41,,,,3,,,,,,,2172.62,,2101.45,,,,71.18,,,,,,,10000000,,11000000,,,,7000000,,,,,,,,,,,,,,,,,,,,,,,,,,,,,,,,,,,,,,,,,,,,,,"112Y"
10007,彰化縣,10007100,員林市,512,42,328,,,47,95,,,,,,,28031.66,1110.50,22947.71,,,1239.33,2734.12,,,,,,,7800000,3540000,10870000,,,3300000,5390000,,,,,,,122,5,4,,,45,68,,,,,,,4937.47,155.20,240.19,,,1812.27,2729.81,,,,,,,6800000,3980000,8800000,,,8350000,6380000,,,,,,,"112Y"
10007,彰化縣,10007110,溪湖鎮,179,,173,,,2,4,,,,,,,10385.98,,10217.66,,,63.36,104.97,,,,,,,10000000,,10300000,,,5775000,2975000,,,,,,,8,,,,,3,5,,,,,,,342.20,,,,,136.60,205.60,,,,,,,6150000,,,,,6500000,5800000,,,,,,,"112Y"
10007,彰化縣,10007120,田中鎮,120,2,111,,,,7,,,,,,,5840.03,14.84,5582.83,,,,242.37,,,,,,,7250000,1100000,8000000,,,,3600000,,,,,,,4,,1,,,,3,,,,,,,184.63,,61.70,,,,122.93,,,,,,,3450000,,3500000,,,,3400000,,,,,,,"112Y"
10007,彰化縣,10007130,大村鄉,127,,114,,,2,11,,,,,,,6436.85,,6099.00,,,41.83,296.02,,,,,,,10000000,,10300000,,,4250000,3500000,,,,,,,9,1,1,,,3,4,,,,,,,291.74,28.47,50.92,,,105.42,106.94,,,,,,,6100000,6800000,12800000,,,6100000,5400000,,,,,,,"112Y"
10007,彰化縣,10007140,埔鹽鄉,64,,64,,,,,,,,,,,3086.14,,3086.14,,,,,,,,,,,9515000,,9515000,,,,,,,,,,,4,,,,,,4,,,,,,,119.75,,,,,,119.75,,,,,,,6700000,,,,,,6700000,,,,,,,"112Y"
10007,彰化縣,10007150,埔心鄉,100,1,91,,,3,5,,,,,,,5156.80,20.76,4877.65,,,107.94,150.45,,,,,,,10250000,1850000,10400000,,,8280000,5600000,,,,,,,7,,1,,,5,1,,,,,,,279.71,,72.23,,,155.41,52.07,,,,,,,9080000,,9700000,,,6700000,11100000,,,,,,,"112Y"
10007,彰化縣,10007160,永靖鄉,91,,91,,,,,,,,,,,4556.01,,4556.01,,,,,,,,,,,9050000,,9050000,,,,,,,,,,,,,,,,,,,,,,,,,,,,,,,,,,,,,,,,,,,,,,,,,,"112Y"
10007,彰化縣,10007170,社頭鄉,102,,102,,,,,,,,,,,5866.27,,5866.27,,,,,,,,,,,9055000,,9055000,,,,,,,,,,,2,,,,,,2,,,,,,,72.45,,,,,,72.45,,,,,,,6700000,,,,,,6700000,,,,,,,"112Y"
10007,彰化縣,10007180,二水鄉,20,,20,,,,,,,,,,,933.88,,933.88,,,,,,,,,,,5750000,,5750000,,,,,,,,,,,1,,1,,,,,,,,,,,68.99,,68.99,,,,,,,,,,,6300000,,6300000,,,,,,,,,,,"112Y"
10007,彰化縣,10007190,北斗鎮,116,,108,,,,8,,,,,,,6251.99,,6057.50,,,,194.49,,,,,,,7290000,,7760000,,,,5340000,,,,,,,26,,,,,7,19,,,,,,,822.16,,,,,258.96,563.20,,,,,,,6400000,,,,,4600000,6580000,,,,,,,"112Y"
10007,彰化縣,10007200,二林鎮,159,3,140,,,1,15,,,,,,,9757.06,114.98,9307.34,,,38.25,296.49,,,,,,,7000000,4000000,7930000,,,2550000,1450000,,,,,,,12,,1,,,,11,,,,,,,497.89,,82.85,,,,415.05,,,,,,,4400000,,7200000,,,,4300000,,,,,,,"112Y"
10007,彰化縣,10007210,田尾鄉,56,,56,,,,,,,,,,,3664.56,,3664.56,,,,,,,,,,,7000000,,7000000,,,,,,,,,,,2,,2,,,,,,,,,,,94.24,,94.24,,,,,,,,,,,4380000,,4380000,,,,,,,,,,,"112Y"
10007,彰化縣,10007220,埤頭鄉,79,,79,,,,,,,,,,,3634.25,,3634.25,,,,,,,,,,,7860000,,7860000,,,,,,,,,,,1,,1,,,,,,,,,,,67.91,,67.91,,,,,,,,,,,5800000,,5800000,,,,,,,,,,,"112Y"
10007,彰化縣,10007230,芳苑鄉,66,,66,,,,,,,,,,,12088.51,,12088.51,,,,,,,,,,,3835000,,3835000,,,,,,,,,,,,,,,,,,,,,,,,,,,,,,,,,,,,,,,,,,,,,,,,,,"112Y"
10007,彰化縣,10007240,大城鄉,7,,7,,,,,,,,,,,1717.02,,1717.02,,,,,,,,,,,3200000,,3200000,,,,,,,,,,,,,,,,,,,,,,,,,,,,,,,,,,,,,,,,,,,,,,,,,,"112Y"
10007,彰化縣,10007250,竹塘鄉,36,,36,,,,,,,,,,,3188.79,,3188.79,,,,,,,,,,,6280000,,6280000,,,,,,,,,,,,,,,,,,,,,,,,,,,,,,,,,,,,,,,,,,,,,,,,,,"112Y"
10007,彰化縣,10007260,溪州鄉,79,,79,,,,,,,,,,,7342.65,,7342.65,,,,,,,,,,,8000000,,8000000,,,,,,,,,,,,,,,,,,,,,,,,,,,,,,,,,,,,,,,,,,,,,,,,,,"112Y"
10008,南投縣,10008010,南投市,514,21,370,,,25,93,,,,4,,1,23646.72,409.27,19804.66,,,847.58,2398.15,,,,158.98,,28.07,7300000,2600000,9525000,,,4350000,4700000,,,,10296840,,3500000,42,1,11,,,11,19,,,,,,,1813.55,27.04,666.23,,,462.60,657.68,,,,,,,5500000,2800000,8750000,,,4650000,5500000,,,,,,,"112Y"
10008,南投縣,10008020,埔里鎮,392,7,330,,,41,14,,,,,,,17924.50,227.38,16039.80,,,1206.03,451.28,,,,,,,7500000,3800000,8450000,,,3800000,2600000,,,,,,,30,,5,,,9,16,,,,,,,1419.54,,355.45,,,385.06,679.04,,,,,,,6425000,,9400000,,,7000000,6125000,,,,,,,"112Y"
10008,南投縣,10008030,草屯鎮,405,13,269,,,18,105,,,,,,,17801.21,331.10,13609.53,,,565.60,3294.98,,,,,,,8200000,3100000,11100000,,,4450000,5510000,,,,,,,66,3,1,,,14,48,,,,,,,2537.81,139.85,59.24,,,548.96,1789.77,,,,,,,7750000,8100000,5400000,,,7900000,7500000,,,,,,,"112Y"
10008,南投縣,10008040,竹山鎮,229,10,205,,,,14,,,,,,,14417.24,485.74,13558.36,,,,373.14,,,,,,,5300000,2690000,6200000,,,,2650000,,,,,,,4,1,,,,,3,,,,,,,136.20,35.57,,,,,100.63,,,,,,,3254000,2808000,,,,,3700000,,,,,,,"112Y"
10008,南投縣,10008050,集集鎮,41,,41,,,,,,,,,,,2029.92,,2029.92,,,,,,,,,,,6500000,,6500000,,,,,,,,,,,,,,,,,,,,,,,,,,,,,,,,,,,,,,,,,,,,,,,,,,"112Y"
10008,南投縣,10008060,名間鄉,108,1,97,,,4,1,,,,5,,,4786.25,14.45,4366.71,,,115.88,14.45,,,,274.75,,,5000000,1230000,5200000,,,3350000,1000000,,,,6060000,,,,,,,,,,,,,,,,,,,,,,,,,,,,,,,,,,,,,,,,,,"112Y"
10008,南投縣,10008070,鹿谷鄉,32,1,29,,,,2,,,,,,,1844.82,17.63,1806.02,,,,21.18,,,,,,,7000000,2200000,8500000,,,,3025000,,,,,,,17,2,10,,,,5,,,,,,,1879.55,50.02,1712.59,,,,116.94,,,,,,,7100000,3850000,9125000,,,,5980000,,,,,,,"112Y"
10008,南投縣,10008080,中寮鄉,14,1,13,,,,,,,,,,,653.32,25.63,627.68,,,,,,,,,,,4500000,900000,4800000,,,,,,,,,,,,,,,,,,,,,,,,,,,,,,,,,,,,,,,,,,,,,,,,,,"112Y"
10008,南投縣,10008090,魚池鄉,103,,103,,,,,,,,,,,2924.09,,2924.09,,,,,,,,,,,2951807,,2951807,,,,,,,,,,,,,,,,,,,,,,,,,,,,,,,,,,,,,,,,,,,,,,,,,,"112Y"
10008,南投縣,10008100,國姓鄉,32,,32,,,,,,,,,,,1300.64,,1300.64,,,,,,,,,,,4700000,,4700000,,,,,,,,,,,,,,,,,,,,,,,,,,,,,,,,,,,,,,,,,,,,,,,,,,"112Y"
10008,南投縣,10008110,水里鄉,48,,48,,,,,,,,,,,2404.41,,2404.41,,,,,,,,,,,4900000,,4900000,,,,,,,,,,,,,,,,,,,,,,,,,,,,,,,,,,,,,,,,,,,,,,,,,,"112Y"
10008,南投縣,10008120,信義鄉,,,,,,,,,,,,,,,,,,,,,,,,,,,,,,,,,,,,,,,,,,,,,,,,,,,,,,,,,,,,,,,,,,,,,,,,,,,,,,,"112Y"
10008,南投縣,10008130,仁愛鄉,11,,11,,,,,,,,,,,743.81,,743.81,,,,,,,,,,,9000000,,9000000,,,,,,,,,,,,,,,,,,,,,,,,,,,,,,,,,,,,,,,,,,,,,,,,,,"112Y"
10009,雲林縣,10009010,斗六市,675,29,461,,,34,139,,4,1,6,,1,32079.51,600.70,24615.41,,,855.49,3299.05,,1491.98,419.37,265.36,,532.15,6500000,2200000,9000000,,,2690000,3200000,,54053553,127249650,4833333,,158453440,117,22,11,,,20,64,,,,,,,5264.71,965.12,1137.36,,,773.59,2388.64,,,,,,,5000000,3600000,17350000,,,5100000,5100000,,,,,,,"112Y"
10009,雲林縣,10009020,斗南鎮,164,1,118,,,23,22,,,,,,,7793.86,35.28,6390.11,,,541.55,826.92,,,,,,,6840000,2600000,8350000,,,2500000,3375000,,,,,,,9,,,,,5,4,,,,,,,345.28,,,,,176.12,169.16,,,,,,,4000000,,,,,4000000,3990000,,,,,,,"112Y"
10009,雲林縣,10009030,虎尾鎮,329,10,227,,,21,54,17,,,,,,16999.78,350.53,14282.27,,,619.23,1563.39,184.35,,,,,,7000000,4030000,9500000,,,4500000,4100000,1480000,,,,,,47,2,8,,,14,20,3,,,,,,1986.10,61.43,661.92,,,533.42,657.66,71.67,,,,,,5620000,3375000,11780000,,,5435000,5475000,2500000,,,,,,"112Y"
10009,雲林縣,10009040,西螺鎮,156,2,146,,,,6,,,,1,,1,8655.49,77.20,8265.45,,,,205.26,,,,47.24,,60.33,7780000,3795000,8000000,,,,4000000,,,,15600000,,4200000,8,,,,,,8,,,,,,,264.76,,,,,,264.76,,,,,,,4585000,,,,,,4585000,,,,,,,"112Y"
10009,雲林縣,10009050,土庫鎮,70,,70,,,,,,,,,,,4228.57,,4228.57,,,,,,,,,,,6100000,,6100000,,,,,,,,,,,2,,2,,,,,,,,,,,212.46,,212.46,,,,,,,,,,,20400000,,20400000,,,,,,,,,,,"112Y"
10009,雲林縣,10009060,北港鎮,116,2,95,,,10,8,,1,,,,,4963.46,63.93,4346.12,,,242.45,281.81,,29.15,,,,,4300000,3800000,4800000,,,1640000,3785000,,5750000,,,,,45,,29,,,3,13,,,,,,,2784.75,,1981.77,,,149.43,653.55,,,,,,,9700000,,11700000,,,4000000,4500000,,,,,,,"112Y"
10009,雲林縣,10009070,古坑鄉,83,,71,,,,7,,,,4,,1,4171.82,,3602.87,,,,189.77,,,,324.27,,54.90,7600000,,8200000,,,,2900000,,,,12815000,,4200000,15,1,1,,,,13,,,,,,,756.11,18.83,60.32,,,,676.96,,,,,,,6000000,1500000,8810000,,,,6000000,,,,,,,"112Y"
10009,雲林縣,10009080,大埤鄉,43,,37,,,,6,,,,,,,2847.93,,2710.53,,,,137.40,,,,,,,3850000,,3600000,,,,4000000,,,,,,,,,,,,,,,,,,,,,,,,,,,,,,,,,,,,,,,,,,,,,,"112Y"
10009,雲林縣,10009090,莿桐鄉,59,,54,,,,2,,,1,1,,1,3595.87,,2650.47,,,,67.18,,,717.56,19.28,,141.37,5500000,,5400000,,,,2900000,,,170000000,7000000,,6000000,,,,,,,,,,,,,,,,,,,,,,,,,,,,,,,,,,,,,,,,"112Y"
10009,雲林縣,10009100,林內鄉,43,,35,,,,,,,5,2,,1,2596.36,,1688.09,,,,,,,748.74,128.32,,31.21,5100000,,4060000,,,,,,,7376000,6155000,,56000000,,,,,,,,,,,,,,,,,,,,,,,,,,,,,,,,,,,,,,,,"112Y"
10009,雲林縣,10009110,二崙鄉,53,,45,,,,,,,1,,,7,4720.68,,2405.95,,,,,,,102.32,,,2212.41,8550000,,7650000,,,,,,,17000000,,,11300000,,,,,,,,,,,,,,,,,,,,,,,,,,,,,,,,,,,,,,,,"112Y"
10009,雲林縣,10009120,崙背鄉,42,1,41,,,,,,,,,,,3962.89,994.45,2968.44,,,,,,,,,,,5150000,2300000,5300000,,,,,,,,,,,,,,,,,,,,,,,,,,,,,,,,,,,,,,,,,,,,,,,,,,"112Y"
10009,雲林縣,10009130,麥寮鄉,69,3,62,,,2,2,,,,,,,3819.26,186.89,3496.63,,,89.22,46.52,,,,,,,8710000,11500000,8745000,,,3730000,2890000,,,,,,,7,,,,,,7,,,,,,,213.53,,,,,,213.53,,,,,,,3500000,,,,,,3500000,,,,,,,"112Y"
10009,雲林縣,10009140,東勢鄉,16,,14,,,,,,,,2,,,2027.82,,831.26,,,,,,,,1196.56,,,3575000,,3575000,,,,,,,,13800000,,,,,,,,,,,,,,,,,,,,,,,,,,,,,,,,,,,,,,,,,,"112Y"
10009,雲林縣,10009150,褒忠鄉,12,,12,,,,,,,,,,,1479.60,,1479.60,,,,,,,,,,,2890000,,2890000,,,,,,,,,,,,,,,,,,,,,,,,,,,,,,,,,,,,,,,,,,,,,,,,,,"112Y"
10009,雲林縣,10009160,臺西鄉,14,,12,,,,,,,,2,,,709.15,,544.07,,,,,,,,165.08,,,3300000,,3050000,,,,,,,,3500000,,,,,,,,,,,,,,,,,,,,,,,,,,,,,,,,,,,,,,,,,,"112Y"
10009,雲林縣,10009170,元長鄉,23,,23,,,,,,,,,,,1245.03,,1245.03,,,,,,,,,,,7880000,,7880000,,,,,,,,,,,,,,,,,,,,,,,,,,,,,,,,,,,,,,,,,,,,,,,,,,"112Y"
10009,雲林縣,10009180,四湖鄉,9,,9,,,,,,,,,,,412.99,,412.99,,,,,,,,,,,3200000,,3200000,,,,,,,,,,,,,,,,,,,,,,,,,,,,,,,,,,,,,,,,,,,,,,,,,,"112Y"
10009,雲林縣,10009190,口湖鄉,14,,14,,,,,,,,,,,904.46,,904.46,,,,,,,,,,,1800000,,1800000,,,,,,,,,,,,,,,,,,,,,,,,,,,,,,,,,,,,,,,,,,,,,,,,,,"112Y"
10009,雲林縣,10009200,水林鄉,24,1,23,,,,,,,,,,,1236.51,107.37,1129.14,,,,,,,,,,,7550000,300000,7550000,,,,,,,,,,,,,,,,,,,,,,,,,,,,,,,,,,,,,,,,,,,,,,,,,,"112Y"
10010,嘉義縣,10010010,太保市,218,3,136,,,10,69,,,,,,,10022.50,95.48,8507.92,,,409.58,1009.52,,,,,,,5765000,5300000,8550000,,,5665000,1200000,,,,,,,27,,1,,,23,3,,,,,,,1289.13,,63.91,,,1132.06,93.16,,,,,,,9100000,,12000000,,,9200000,3750000,,,,,,,"112Y"
10010,嘉義縣,10010020,朴子市,237,5,98,,,2,132,,,,,,,7229.75,164.51,5700.28,,,62.20,1302.75,,,,,,,1450000,3100000,10000000,,,4245000,1167500,,,,,,,14,,1,,,3,10,,,,,,,603.64,,87.13,,,122.20,394.31,,,,,,,5270000,,16500000,,,5660000,4880000,,,,,,,"112Y"
10010,嘉義縣,10010030,布袋鎮,54,,54,,,,,,,,,,,2359.61,,2359.61,,,,,,,,,,,2750000,,2750000,,,,,,,,,,,,,,,,,,,,,,,,,,,,,,,,,,,,,,,,,,,,,,,,,,"112Y"
10010,嘉義縣,10010040,大林鎮,123,16,91,,,,16,,,,,,,7233.34,475.64,6238.59,,,,519.11,,,,,,,5680000,3050000,7000000,,,,6550000,,,,,,,3,,,,,,3,,,,,,,81.62,,,,,,81.62,,,,,,,5520000,,,,,,5520000,,,,,,,"112Y"
10010,嘉義縣,10010050,民雄鄉,366,58,277,,,3,28,,,,,,,15716.75,753.48,14279.36,,,98.03,585.89,,,,,,,4980000,500000,6600000,,,4500000,2510000,,,,,,,27,,3,,,12,12,,,,,,,1047.51,,145.58,,,445.91,456.02,,,,,,,4900000,,5550000,,,5090000,4750000,,,,,,,"112Y"
10010,嘉義縣,10010060,溪口鄉,24,1,23,,,,,,,,,,,1125.02,24.53,1100.50,,,,,,,,,,,7850000,1700000,7850000,,,,,,,,,,,,,,,,,,,,,,,,,,,,,,,,,,,,,,,,,,,,,,,,,,"112Y"
10010,嘉義縣,10010070,新港鄉,41,,41,,,,,,,,,,,2034.54,,2034.54,,,,,,,,,,,6500000,,6500000,,,,,,,,,,,,,,,,,,,,,,,,,,,,,,,,,,,,,,,,,,,,,,,,,,"112Y"
10010,嘉義縣,10010080,六腳鄉,17,,16,,,,1,,,,,,,3302.17,,3272.63,,,,29.54,,,,,,,4012830,,3981415,,,,4700000,,,,,,,,,,,,,,,,,,,,,,,,,,,,,,,,,,,,,,,,,,,,,,"112Y"
10010,嘉義縣,10010090,東石鄉,17,,17,,,,,,,,,,,869.98,,869.98,,,,,,,,,,,3500000,,3500000,,,,,,,,,,,,,,,,,,,,,,,,,,,,,,,,,,,,,,,,,,,,,,,,,,"112Y"
10010,嘉義縣,10010100,義竹鄉,18,1,16,,,,1,,,,,,,1035.62,20.64,993.77,,,,21.22,,,,,,,3380000,4800000,2900000,,,,3460000,,,,,,,,,,,,,,,,,,,,,,,,,,,,,,,,,,,,,,,,,,,,,,"112Y"
10010,嘉義縣,10010110,鹿草鄉,13,,13,,,,,,,,,,,982.60,,982.60,,,,,,,,,,,10200000,,10200000,,,,,,,,,,,,,,,,,,,,,,,,,,,,,,,,,,,,,,,,,,,,,,,,,,"112Y"
10010,嘉義縣,10010120,水上鄉,218,8,207,,,,3,,,,,,,9833.21,831.11,8849.53,,,,152.57,,,,,,,4550000,3350000,4600000,,,,4500000,,,,,,,5,,1,,,,4,,,,,,,203.79,,52.51,,,,151.28,,,,,,,4500000,,12700000,,,,3450000,,,,,,,"112Y"
10010,嘉義縣,10010130,中埔鄉,182,1,168,,,,12,,,,,,1,8309.07,36.89,7900.69,,,,344.51,,,,,,26.97,6550000,4150000,6650000,,,,6260000,,,,,,5250000,2,,,,,,2,,,,,,,84.30,,,,,,84.30,,,,,,,5850000,,,,,,5850000,,,,,,,"112Y"
10010,嘉義縣,10010140,竹崎鄉,34,,34,,,,,,,,,,,1287.69,,1287.69,,,,,,,,,,,5365000,,5365000,,,,,,,,,,,,,,,,,,,,,,,,,,,,,,,,,,,,,,,,,,,,,,,,,,"112Y"
10010,嘉義縣,10010150,梅山鄉,19,,18,,,,1,,,,,,,872.69,,842.57,,,,30.12,,,,,,,8000000,,8325000,,,,3250000,,,,,,,1,,1,,,,,,,,,,,58.41,,58.41,,,,,,,,,,,5500000,,5500000,,,,,,,,,,,"112Y"
10010,嘉義縣,10010160,番路鄉,38,,16,,,22,,,,,,,,1489.34,,1073.84,,,415.50,,,,,,,,2975000,,7525000,,,1850000,,,,,,,,6,,1,,,3,2,,,,,,,301.57,,63.81,,,128.77,108.99,,,,,,,7675000,,6000000,,,5700000,15700000,,,,,,,"112Y"
10010,嘉義縣,10010170,大埔鄉,3,,3,,,,,,,,,,,108.69,,108.69,,,,,,,,,,,3980000,,3980000,,,,,,,,,,,,,,,,,,,,,,,,,,,,,,,,,,,,,,,,,,,,,,,,,,"112Y"
10010,嘉義縣,10010180,阿里山鄉,,,,,,,,,,,,,,,,,,,,,,,,,,,,,,,,,,,,,,,,,,,,,,,,,,,,,,,,,,,,,,,,,,,,,,,,,,,,,,,"112Y"
10013,屏東縣,10013010,屏東市,1172,134,710,,,151,177,,,,,,,49327.37,3563.18,36714.62,,,5021.63,4027.94,,,,,,,5200000,3100000,7000000,,,4500000,3500000,,,,,,,374,9,4,,,126,235,,,,,,,15741.69,374.52,242.23,,,6101.44,9023.51,,,,,,,6965000,7200000,7590000,,,6500000,7500000,,,,,,,"112Y"
10013,屏東縣,10013020,潮州鎮,420,2,330,,,10,78,,,,,,,20557.02,62.13,17737.00,,,386.26,2371.63,,,,,,,6880000,3245000,9300000,,,4525000,4455000,,,,,,,139,,,,,14,125,,,,,,,5419.18,,,,,579.17,4840.01,,,,,,,7650000,,,,,4975000,7700000,,,,,,,"112Y"
10013,屏東縣,10013030,東港鎮,220,17,136,,,14,53,,,,,,,11021.84,702.02,8316.32,,,560.02,1443.48,,,,,,,6250000,3500000,10850000,,,4475000,4770000,,,,,,,79,,,,,19,60,,,,,,,3245.02,,,,,916.09,2328.93,,,,,,,6550000,,,,,5500000,6625000,,,,,,,"112Y"
10013,屏東縣,10013040,恆春鎮,168,1,93,,,56,18,,,,,,,6460.15,14.82,5274.92,,,802.63,367.78,,,,,,,4525000,1580000,11000000,,,1135000,1100000,,,,,,,1,,,,,,1,,,,,,,44.00,,,,,,44.00,,,,,,,6680000,,,,,,6680000,,,,,,,"112Y"
10013,屏東縣,10013050,萬丹鄉,176,,164,,,,12,,,,,,,8997.07,,8695.08,,,,301.99,,,,,,,7550000,,8150000,,,,5275000,,,,,,,43,,1,,,,42,,,,,,,1574.67,,50.51,,,,1524.16,,,,,,,7000000,,6800000,,,,7000000,,,,,,,"112Y"
10013,屏東縣,10013060,長治鄉,118,,62,,,17,39,,,,,,,5145.73,,4045.71,,,322.35,777.67,,,,,,,5275000,,6650000,,,2350000,5060000,,,,,,,51,,,,,5,46,,,,,,,1912.40,,,,,161.09,1751.31,,,,,,,7280000,,,,,4700000,7380000,,,,,,,"112Y"
10013,屏東縣,10013070,麟洛鄉,35,,30,,,,4,,,,,,1,2038.92,,1892.57,,,,95.34,,,,,,51.01,6800000,,11350000,,,,5880000,,,,,,5520000,14,,,,,,14,,,,,,,515.80,,,,,,515.80,,,,,,,7100000,,,,,,7100000,,,,,,,"112Y"
10013,屏東縣,10013080,九如鄉,90,,89,,,,,,,,,1,,4913.05,,4625.50,,,,,,,,,287.56,,9160000,,9380000,,,,,,,,,8940000,,5,1,,,,,4,,,,,,,202.35,27.43,,,,,174.91,,,,,,,6600000,4100000,,,,,7050000,,,,,,,"112Y"
10013,屏東縣,10013090,里港鄉,53,3,43,,,,6,,1,,,,,5292.72,1321.04,2119.34,,,,274.00,,1578.33,,,,,6800000,13300000,5100000,,,,11550000,,162257301,,,,,6,,1,,,,5,,,,,,,199.65,,27.34,,,,172.31,,,,,,,5650000,,1700000,,,,5700000,,,,,,,"112Y"
10013,屏東縣,10013100,鹽埔鄉,60,3,47,,,,8,,,,,,2,6100.52,1155.11,2280.42,,,,123.88,,,,,,2541.11,4550000,25570000,4700000,,,,965000,,,,,,47200000,2,,,,,,2,,,,,,,88.58,,,,,,88.58,,,,,,,3550000,,,,,,3550000,,,,,,,"112Y"
10013,屏東縣,10013110,高樹鄉,43,,43,,,,,,,,,,,2859.51,,2859.51,,,,,,,,,,,2720000,,2720000,,,,,,,,,,,,,,,,,,,,,,,,,,,,,,,,,,,,,,,,,,,,,,,,,,"112Y"
10013,屏東縣,10013120,萬巒鄉,46,,46,,,,,,,,,,,2378.11,,2378.11,,,,,,,,,,,3790000,,3790000,,,,,,,,,,,,,,,,,,,,,,,,,,,,,,,,,,,,,,,,,,,,,,,,,,"112Y"
10013,屏東縣,10013130,內埔鄉,387,24,216,,,3,144,,,,,,,13645.40,330.41,11115.13,,,110.02,2089.84,,,,,,,3950000,630000,6975000,,,4100000,660000,,,,,,,70,,2,,,3,65,,,,,,,2622.50,,113.92,,,134.91,2373.67,,,,,,,6500000,,4875000,,,4200000,6500000,,,,,,,"112Y"
10013,屏東縣,10013140,竹田鄉,36,3,33,,,,,,,,,,,3670.90,481.69,3189.22,,,,,,,,,,,4333333,4333333,4300000,,,,,,,,,,,1,,1,,,,,,,,,,,49.42,,49.42,,,,,,,,,,,3800000,,3800000,,,,,,,,,,,"112Y"
10013,屏東縣,10013150,新埤鄉,26,,26,,,,,,,,,,,1087.25,,1087.25,,,,,,,,,,,2750000,,2750000,,,,,,,,,,,,,,,,,,,,,,,,,,,,,,,,,,,,,,,,,,,,,,,,,,"112Y"
10013,屏東縣,10013160,枋寮鄉,92,3,85,,,,4,,,,,,,4780.13,98.25,4566.16,,,,115.72,,,,,,,8000000,870000,8100000,,,,2525000,,,,,,,1,,,,,,1,,,,,,,33.34,,,,,,33.34,,,,,,,2600000,,,,,,2600000,,,,,,,"112Y"
10013,屏東縣,10013170,新園鄉,68,,66,,,,2,,,,,,,3347.74,,3292.34,,,,55.40,,,,,,,4500000,,4500000,,,,4200000,,,,,,,15,1,,,,,14,,,,,,,537.06,24.90,,,,,512.16,,,,,,,5900000,4980000,,,,,6340000,,,,,,,"112Y"
10013,屏東縣,10013180,崁頂鄉,32,,32,,,,,,,,,,,1549.16,,1549.16,,,,,,,,,,,6550000,,6550000,,,,,,,,,,,1,,,,,,1,,,,,,,43.59,,,,,,43.59,,,,,,,5820000,,,,,,5820000,,,,,,,"112Y"
10013,屏東縣,10013190,林邊鄉,41,,38,,,,3,,,,,,,2596.94,,2506.72,,,,90.22,,,,,,,4750000,,5475000,,,,2500000,,,,,,,20,,,,,3,17,,,,,,,817.82,,,,,98.93,718.89,,,,,,,5715000,,,,,2500000,5800000,,,,,,,"112Y"
10013,屏東縣,10013200,南州鄉,46,2,36,,,,8,,,,,,,2726.87,58.96,2424.41,,,,243.50,,,,,,,6530000,3650000,6925000,,,,6480000,,,,,,,4,,,,,,4,,,,,,,145.25,,,,,,145.25,,,,,,,7560000,,,,,,7560000,,,,,,,"112Y"
10013,屏東縣,10013210,佳冬鄉,60,,60,,,,,,,,,,,3020.67,,3020.67,,,,,,,,,,,5650000,,5650000,,,,,,,,,,,,,,,,,,,,,,,,,,,,,,,,,,,,,,,,,,,,,,,,,,"112Y"
10013,屏東縣,10013220,琉球鄉,10,,10,,,,,,,,,,,462.73,,462.73,,,,,,,,,,,7100000,,7100000,,,,,,,,,,,,,,,,,,,,,,,,,,,,,,,,,,,,,,,,,,,,,,,,,,"112Y"
10013,屏東縣,10013230,車城鄉,45,,21,,,,24,,,,,,,1150.35,,791.21,,,,359.14,,,,,,,1800000,,4500000,,,,600000,,,,,,,1,,,,,,1,,,,,,,43.38,,,,,,43.38,,,,,,,5000000,,,,,,5000000,,,,,,,"112Y"
10013,屏東縣,10013240,滿州鄉,2,,2,,,,,,,,,,,44.77,,44.77,,,,,,,,,,,8750000,,8750000,,,,,,,,,,,,,,,,,,,,,,,,,,,,,,,,,,,,,,,,,,,,,,,,,,"112Y"
10013,屏東縣,10013250,枋山鄉,2,,2,,,,,,,,,,,60.65,,60.65,,,,,,,,,,,2250000,,2250000,,,,,,,,,,,,,,,,,,,,,,,,,,,,,,,,,,,,,,,,,,,,,,,,,,"112Y"
10013,屏東縣,10013260,三地門鄉,3,,3,,,,,,,,,,,129.62,,129.62,,,,,,,,,,,2520000,,2520000,,,,,,,,,,,,,,,,,,,,,,,,,,,,,,,,,,,,,,,,,,,,,,,,,,"112Y"
10013,屏東縣,10013270,霧臺鄉,,,,,,,,,,,,,,,,,,,,,,,,,,,,,,,,,,,,,,,,,,,,,,,,,,,,,,,,,,,,,,,,,,,,,,,,,,,,,,,"112Y"
10013,屏東縣,10013280,瑪家鄉,,,,,,,,,,,,,,,,,,,,,,,,,,,,,,,,,,,,,,,,,,,,,,,,,,,,,,,,,,,,,,,,,,,,,,,,,,,,,,,"112Y"
10013,屏東縣,10013290,泰武鄉,2,,2,,,,,,,,,,,91.52,,91.52,,,,,,,,,,,2450000,,2450000,,,,,,,,,,,,,,,,,,,,,,,,,,,,,,,,,,,,,,,,,,,,,,,,,,"112Y"
10013,屏東縣,10013300,來義鄉,1,,1,,,,,,,,,,,28.74,,28.74,,,,,,,,,,,300000,,300000,,,,,,,,,,,,,,,,,,,,,,,,,,,,,,,,,,,,,,,,,,,,,,,,,,"112Y"
10013,屏東縣,10013310,春日鄉,,,,,,,,,,,,,,,,,,,,,,,,,,,,,,,,,,,,,,,,,,,,,,,,,,,,,,,,,,,,,,,,,,,,,,,,,,,,,,,"112Y"
10013,屏東縣,10013320,獅子鄉,1,,1,,,,,,,,,,,43.83,,43.83,,,,,,,,,,,1000000,,1000000,,,,,,,,,,,,,,,,,,,,,,,,,,,,,,,,,,,,,,,,,,,,,,,,,,"112Y"
10013,屏東縣,10013330,牡丹鄉,1,,1,,,,,,,,,,,48.45,,48.45,,,,,,,,,,,3500000,,3500000,,,,,,,,,,,,,,,,,,,,,,,,,,,,,,,,,,,,,,,,,,,,,,,,,,"112Y"
10014,臺東縣,10014010,臺東市,549,48,366,,,38,96,,,,,,1,22644.37,1554.74,17375.14,,,1229.69,2451.15,,,,,,33.66,7000000,4000000,9000000,,,5475000,3100000,,,,,,12000000,38,,7,,,10,21,,,,,,,1846.58,,420.95,,,471.82,953.82,,,,,,,7325000,,13680000,,,9175000,6300000,,,,,,,"112Y"
10014,臺東縣,10014020,成功鎮,20,,20,,,,,,,,,,,676.56,,676.56,,,,,,,,,,,3725000,,3725000,,,,,,,,,,,,,,,,,,,,,,,,,,,,,,,,,,,,,,,,,,,,,,,,,,"112Y"
10014,臺東縣,10014030,關山鎮,24,,24,,,,,,,,,,,1185.34,,1185.34,,,,,,,,,,,6800000,,6800000,,,,,,,,,,,,,,,,,,,,,,,,,,,,,,,,,,,,,,,,,,,,,,,,,,"112Y"
10014,臺東縣,10014040,卑南鄉,46,5,25,,,,16,,,,,,,1169.17,117.28,844.24,,,,207.65,,,,,,,2525000,2350000,4600000,,,,700000,,,,,,,,,,,,,,,,,,,,,,,,,,,,,,,,,,,,,,,,,,,,,,"112Y"
10014,臺東縣,10014050,鹿野鄉,18,,18,,,,,,,,,,,1253.90,,1253.90,,,,,,,,,,,5175000,,5175000,,,,,,,,,,,,,,,,,,,,,,,,,,,,,,,,,,,,,,,,,,,,,,,,,,"112Y"
10014,臺東縣,10014060,池上鄉,10,1,7,,,,2,,,,,,,413.90,30.85,296.02,,,,87.04,,,,,,,5930000,4000000,8250000,,,,5580000,,,,,,,1,,,,,,1,,,,,,,35.58,,,,,,35.58,,,,,,,5200000,,,,,,5200000,,,,,,,"112Y"
10014,臺東縣,10014070,東河鄉,14,,14,,,,,,,,,,,482.27,,482.27,,,,,,,,,,,6400000,,6400000,,,,,,,,,,,,,,,,,,,,,,,,,,,,,,,,,,,,,,,,,,,,,,,,,,"112Y"
10014,臺東縣,10014080,長濱鄉,6,,6,,,,,,,,,,,319.02,,319.02,,,,,,,,,,,5875000,,5875000,,,,,,,,,,,,,,,,,,,,,,,,,,,,,,,,,,,,,,,,,,,,,,,,,,"112Y"
10014,臺東縣,10014090,太麻里鄉,12,,12,,,,,,,,,,,604.45,,604.45,,,,,,,,,,,3900000,,3900000,,,,,,,,,,,,,,,,,,,,,,,,,,,,,,,,,,,,,,,,,,,,,,,,,,"112Y"
10014,臺東縣,10014100,大武鄉,4,,4,,,,,,,,,,,135.48,,135.48,,,,,,,,,,,3650000,,3650000,,,,,,,,,,,,,,,,,,,,,,,,,,,,,,,,,,,,,,,,,,,,,,,,,,"112Y"
10014,臺東縣,10014110,綠島鄉,,,,,,,,,,,,,,,,,,,,,,,,,,,,,,,,,,,,,,,,,,,,,,,,,,,,,,,,,,,,,,,,,,,,,,,,,,,,,,,"112Y"
10014,臺東縣,10014120,海端鄉,,,,,,,,,,,,,,,,,,,,,,,,,,,,,,,,,,,,,,,,,,,,,,,,,,,,,,,,,,,,,,,,,,,,,,,,,,,,,,,"112Y"
10014,臺東縣,10014130,延平鄉,1,,1,,,,,,,,,,,32.49,,32.49,,,,,,,,,,,220000,,220000,,,,,,,,,,,,,,,,,,,,,,,,,,,,,,,,,,,,,,,,,,,,,,,,,,"112Y"
10014,臺東縣,10014140,金峰鄉,1,,1,,,,,,,,,,,24.33,,24.33,,,,,,,,,,,2800000,,2800000,,,,,,,,,,,,,,,,,,,,,,,,,,,,,,,,,,,,,,,,,,,,,,,,,,"112Y"
10014,臺東縣,10014150,達仁鄉,,,,,,,,,,,,,,,,,,,,,,,,,,,,,,,,,,,,,,,,,,,,,,,,,,,,,,,,,,,,,,,,,,,,,,,,,,,,,,,"112Y"
10014,臺東縣,10014160,蘭嶼鄉,,,,,,,,,,,,,,,,,,,,,,,,,,,,,,,,,,,,,,,,,,,,,,,,,,,,,,,,,,,,,,,,,,,,,,,,,,,,,,,"112Y"
10015,花蓮縣,10015010,花蓮市,1037,100,379,,,161,397,,,,,,,38084.03,3021.70,20128.49,,,3572.63,11361.20,,,,,,,6000000,4275000,10100000,,,3300000,4900000,,,,,,,88,1,,,,24,63,,,,,,,3674.35,66.26,,,,1016.87,2591.23,,,,,,,7700000,7060000,,,,7900000,7700000,,,,,,,"112Y"
10015,花蓮縣,10015020,鳳林鎮,35,6,29,,,,,,,,,,,1440.74,166.26,1274.47,,,,,,,,,,,5000000,1530000,5100000,,,,,,,,,,,,,,,,,,,,,,,,,,,,,,,,,,,,,,,,,,,,,,,,,,"112Y"
10015,花蓮縣,10015030,玉里鎮,70,1,67,,,,2,,,,,,,3230.36,30.23,3161.29,,,,38.85,,,,,,,6000000,4000000,6100000,,,,4000000,,,,,,,2,,1,,,,1,,,,,,,92.17,,56.75,,,,35.43,,,,,,,6350000,,5900000,,,,6800000,,,,,,,"112Y"
10015,花蓮縣,10015040,新城鄉,134,6,121,,,,7,,,,,,,4869.72,270.30,4434.93,,,,164.48,,,,,,,5550000,6666667,5500000,,,,5200000,,,,,,,,,,,,,,,,,,,,,,,,,,,,,,,,,,,,,,,,,,,,,,"112Y"
10015,花蓮縣,10015050,吉安鄉,568,19,416,,,13,120,,,,,,,26737.63,532.27,21535.63,,,807.16,3862.56,,,,,,,7800000,3600000,9600000,,,6400000,5500000,,,,,,,25,,,,,,25,,,,,,,917.99,,,,,,917.99,,,,,,,8250000,,,,,,8250000,,,,,,,"112Y"
10015,花蓮縣,10015060,壽豐鄉,96,,60,,,,36,,,,,,,3587.47,,3073.65,,,,513.82,,,,,,,2875000,,6125000,,,,1122500,,,,,,,20,19,,,,,1,,,,,,,910.14,868.17,,,,,41.97,,,,,,,3865000,3800000,,,,,4600000,,,,,,,"112Y"
10015,花蓮縣,10015070,光復鄉,36,,36,,,,,,,,,,,1351.00,,1351.00,,,,,,,,,,,3500000,,3500000,,,,,,,,,,,,,,,,,,,,,,,,,,,,,,,,,,,,,,,,,,,,,,,,,,"112Y"
10015,花蓮縣,10015080,豐濱鄉,2,1,1,,,,,,,,,,,49.61,24.50,25.11,,,,,,,,,,,2650000,1700000,3600000,,,,,,,,,,,,,,,,,,,,,,,,,,,,,,,,,,,,,,,,,,,,,,,,,,"112Y"
10015,花蓮縣,10015090,瑞穗鄉,30,,30,,,,,,,,,,,1513.75,,1513.75,,,,,,,,,,,4240000,,4240000,,,,,,,,,,,,,,,,,,,,,,,,,,,,,,,,,,,,,,,,,,,,,,,,,,"112Y"
10015,花蓮縣,10015100,富里鄉,7,,7,,,,,,,,,,,240.34,,240.34,,,,,,,,,,,1400000,,1400000,,,,,,,,,,,,,,,,,,,,,,,,,,,,,,,,,,,,,,,,,,,,,,,,,,"112Y"
10015,花蓮縣,10015110,秀林鄉,5,,5,,,,,,,,,,,97.44,,97.44,,,,,,,,,,,1680000,,1680000,,,,,,,,,,,,,,,,,,,,,,,,,,,,,,,,,,,,,,,,,,,,,,,,,,"112Y"
10015,花蓮縣,10015120,萬榮鄉,1,,1,,,,,,,,,,,17.08,,17.08,,,,,,,,,,,2300000,,2300000,,,,,,,,,,,,,,,,,,,,,,,,,,,,,,,,,,,,,,,,,,,,,,,,,,"112Y"
10015,花蓮縣,10015130,卓溪鄉,1,,1,,,,,,,,,,,24.80,,24.80,,,,,,,,,,,1500000,,1500000,,,,,,,,,,,,,,,,,,,,,,,,,,,,,,,,,,,,,,,,,,,,,,,,,,"112Y"
10016,澎湖縣,10016010,馬公市,222,10,168,,,,44,,,,,,,9888.23,252.51,8150.71,,,,1485.01,,,,,,,6037500,4250000,7000000,,,,4550000,,,,,,,31,1,5,,,7,18,,,,,,,1754.48,56.49,433.65,,,375.92,888.42,,,,,,,6200000,6680000,22880000,,,6300000,5935000,,,,,,,"112Y"
10016,澎湖縣,10016020,湖西鄉,21,,21,,,,,,,,,,,1215.01,,1215.01,,,,,,,,,,,7560000,,7560000,,,,,,,,,,,,,,,,,,,,,,,,,,,,,,,,,,,,,,,,,,,,,,,,,,"112Y"
10016,澎湖縣,10016030,白沙鄉,7,,7,,,,,,,,,,,263.02,,263.02,,,,,,,,,,,3320000,,3320000,,,,,,,,,,,,,,,,,,,,,,,,,,,,,,,,,,,,,,,,,,,,,,,,,,"112Y"
10016,澎湖縣,10016040,西嶼鄉,7,2,5,,,,,,,,,,,189.75,37.80,151.95,,,,,,,,,,,662212,1250000,500000,,,,,,,,,,,,,,,,,,,,,,,,,,,,,,,,,,,,,,,,,,,,,,,,,,"112Y"
10016,澎湖縣,10016050,望安鄉,3,,3,,,,,,,,,,,56.31,,56.31,,,,,,,,,,,112000,,112000,,,,,,,,,,,,,,,,,,,,,,,,,,,,,,,,,,,,,,,,,,,,,,,,,,"112Y"
10016,澎湖縣,10016060,七美鄉,3,,3,,,,,,,,,,,59.44,,59.44,,,,,,,,,,,260000,,260000,,,,,,,,,,,,,,,,,,,,,,,,,,,,,,,,,,,,,,,,,,,,,,,,,,"112Y"
10017,基隆市,10017010,中正區,561,256,55,,,191,59,,,,,,,15502.97,6629.64,2304.63,,,4510.03,2058.67,,,,,,,3900000,3200000,6300000,,,4200000,6450000,,,,,,,150,,4,,,114,32,,,,,,,6544.00,,320.01,,,4871.46,1352.53,,,,,,,7000000,,17340000,,,6665000,7975000,,,,,,,"112Y"
10017,基隆市,10017020,七堵區,300,217,29,,,23,31,,,,,,,9638.41,6060.19,1747.76,,,633.49,1196.97,,,,,,,5250000,5000000,10000000,,,6800000,8000000,,,,,,,66,10,7,,,28,21,,,,,,,3204.59,406.30,539.97,,,1267.53,990.79,,,,,,,9500000,6300000,13000000,,,11400000,9800000,,,,,,,"112Y"
10017,基隆市,10017030,暖暖區,302,139,17,,,44,102,,,,,,,8766.99,3767.67,506.64,,,1572.04,2920.63,,,,,,,3800000,3600000,5700000,,,5090000,3615000,,,,,,,110,6,,,,62,42,,,,,,,4920.60,204.96,,,,2668.44,2047.20,,,,,,,8400000,5605000,,,,8040000,10250000,,,,,,,"112Y"
10017,基隆市,10017040,仁愛區,301,210,38,,,27,26,,,,,,,7352.40,4278.97,1242.75,,,835.74,994.94,,,,,,,3700000,3000000,5550000,,,7800000,9000000,,,,,,,22,1,,,,11,10,,,,,,,1139.07,37.00,,,,562.37,539.71,,,,,,,11590000,8200000,,,,11500000,12240000,,,,,,,"112Y"
10017,基隆市,10017050,中山區,365,238,53,,,48,26,,,,,,,10168.79,6539.80,1688.20,,,1188.02,752.77,,,,,,,3600000,3300000,3500000,,,5200000,7150000,,,,,,,67,3,4,,,51,9,,,,,,,2618.08,107.44,270.05,,,1813.53,427.07,,,,,,,9300000,4900000,13460000,,,9300000,10000000,,,,,,,"112Y"
10017,基隆市,10017060,安樂區,717,300,62,,,174,181,,,,,,,24471.27,7713.07,5610.58,,,5306.07,5841.56,,,,,,,4900000,3500000,14190000,,,6500000,8500000,,,,,,,170,12,24,,,98,36,,,,,,,8902.15,453.63,1844.02,,,4935.89,1668.62,,,,,,,9550000,4650000,13690000,,,9500000,8950000,,,,,,,"112Y"
10017,基隆市,10017070,信義區,538,244,55,,,109,130,,,,,,,21597.37,6375.91,5295.12,,,5344.95,4581.38,,,,,,,5240000,3625000,10000000,,,14350000,5500000,,,,,,,155,13,14,,,39,89,,,,,,,8005.57,596.81,954.26,,,2137.13,4317.37,,,,,,,10000000,6080000,14450000,,,12500000,9600000,,,,,,,"112Y"
10018,新竹市,10018010,東區,1051,211,298,,,202,340,,,,,,,41553.28,5855.21,19145.47,,,7571.66,8980.94,,,,,,,9850000,7200000,18250000,,,10765000,6865000,,,,,,,714,24,10,,,478,202,,,,,,,37297.38,949.29,1117.77,,,25342.19,9888.13,,,,,,,18250000,6970000,22050000,,,22450000,12650000,,,,,,,"112Y"
10018,新竹市,10018020,北區,783,116,227,,,194,246,,,,,,,24951.48,3166.75,11713.05,,,4713.55,5358.14,,,,,,,7000000,5200000,15300000,,,5415000,5870000,,,,,,,552,7,7,,,306,232,,,,,,,24374.83,236.01,446.49,,,14831.26,8861.07,,,,,,,12000000,6000000,13972000,,,13000000,11000000,,,,,,,"112Y"
10018,新竹市,10018030,香山區,387,69,226,,,28,64,,,,,,,16494.89,1107.45,13123.96,,,819.02,1444.46,,,,,,,7200000,1050000,10000000,,,6650000,4450000,,,,,,,172,2,6,,,95,69,,,,,,,7547.46,59.59,425.77,,,4375.20,2686.90,,,,,,,11675000,4660000,17040000,,,13850000,8500000,,,,,,,"112Y"
10020,嘉義市,10020010,東區,773,64,364,,,177,168,,,,,,,29300.08,1927.21,18025.48,,,4841.80,4505.59,,,,,,,5100000,3200000,9500000,,,4150000,4075000,,,,,,,117,,15,,,55,47,,,,,,,5468.22,,818.38,,,2624.18,2025.66,,,,,,,7250000,,8566667,,,7500000,6300000,,,,,,,"112Y"
10020,嘉義市,10020020,西區,879,43,461,,,124,251,,,,,,,35961.50,1276.38,23446.57,,,4382.35,6856.20,,,,,,,5800000,3500000,10300000,,,5000000,3700000,,,,,,,194,1,4,,,106,83,,,,,,,8425.84,53.56,286.30,,,5031.95,3054.03,,,,,,,7000000,5100000,17130000,,,7440000,6600000,,,,,,,"112Y"
63000,臺北市,63000010,松山區,1083,327,18,,,452,286,,,,,,,33255.77,9311.74,545.88,,,14540.44,8857.71,,,,,,,21230000,20450000,24677250,,,20000000,26525000,,,,,,,158,1,3,,,115,39,,,,,,,11805.02,47.29,314.81,,,10000.53,1442.39,,,,,,,40000000,35000000,75000000,,,44728400,30880000,,,,,,,"112Y"
63000,臺北市,63000020,信義區,1138,483,18,,,408,229,,,,,,,31296.68,12391.89,478.76,,,11946.48,6479.54,,,,,,,18690000,17500000,18625000,,,20725000,22000000,,,,,,,164,1,,,,110,53,,,,,,,12387.62,22.55,,,,10227.05,2138.02,,,,,,,31510000,18000000,,,,35250000,25500000,,,,,,,"112Y"
63000,臺北市,63000030,大安區,1572,368,12,,,674,518,,,,,,,49629.28,9867.03,668.09,,,23139.53,15954.64,,,,,,,26100000,22375000,48900000,,,27730000,29800000,,,,,,,175,3,,,,104,68,,,,,,,10836.98,90.28,,,,7455.29,3291.41,,,,,,,48000000,20000000,,,,55900000,32500000,,,,,,,"112Y"
63000,臺北市,63000040,中山區,2202,407,21,,,1129,645,,,,,,,56420.42,10562.32,1285.45,,,29557.35,15015.31,,,,,,,14480000,17000000,50000000,,,13280000,12700000,,,,,,,324,3,,,,188,133,,,,,,,17412.83,120.12,,,,11363.53,5929.18,,,,,,,30500000,22550000,,,,32440000,28000000,,,,,,,"112Y"
63000,臺北市,63000050,中正區,854,232,17,,,337,268,,,,,,,25447.56,5845.43,690.02,,,10310.10,8602.01,,,,,,,19000000,17400000,27200000,,,20300000,18815000,,,,,,,118,1,,,,85,32,,,,,,,6354.00,77.52,,,,4904.54,1371.95,,,,,,,34525000,40000000,,,,36800000,31900000,,,,,,,"112Y"
63000,臺北市,63000060,大同區,782,218,74,,,344,146,,,,,,,20785.66,4971.19,2037.97,,,10075.76,3700.75,,,,,,,13620000,12840000,10894100,,,17790000,11915000,,,,,,,99,,,,,80,19,,,,,,,4756.38,,,,,3885.82,870.56,,,,,,,28700000,,,,,30229200,26100000,,,,,,,"112Y"
63000,臺北市,63000070,萬華區,1138,443,89,,,428,178,,,,,,,26764.73,9337.65,2492.55,,,10302.04,4632.49,,,,,,,10445000,9000000,17000000,,,12550000,10500000,,,,,,,108,,,,,95,13,,,,,,,4607.24,,,,,4088.45,518.79,,,,,,,22960000,,,,,23990000,15000000,,,,,,,"112Y"
63000,臺北市,63000080,文山區,1164,556,30,,,308,270,,,,,,,33436.87,15769.39,1148.32,,,8990.89,7528.27,,,,,,,14065000,13000000,30290000,,,16175000,15695000,,,,,,,237,16,11,,,119,91,,,,,,,11785.54,629.96,786.20,,,6453.72,3915.65,,,,,,,23200000,15450000,17228571,,,26300000,20000000,,,,,,,"112Y"
63000,臺北市,63000090,南港區,527,258,14,,,159,96,,,,,,,17962.85,6697.99,807.71,,,7525.32,2931.82,,,,,,,18000000,13925000,22900000,,,33300000,21550000,,,,,,,129,,,,,65,64,,,,,,,6679.17,,,,,3651.00,3028.17,,,,,,,26340000,,,,,29000000,25400000,,,,,,,"112Y"
63000,臺北市,63000100,內湖區,1300,574,19,,,372,335,,,,,,,43058.20,16973.66,1113.72,,,13149.79,11821.03,,,,,,,17210000,15655000,42747980,,,22655000,20200000,,,,,,,521,20,9,,,261,231,,,,,,,32160.01,787.12,777.66,,,15207.74,15387.49,,,,,,,30000000,19345000,53980000,,,31880000,28950000,,,,,,,"112Y"
63000,臺北市,63000110,士林區,1262,582,73,,,365,241,,,1,,,,50446.38,15484.11,2554.14,,,24306.83,8043.16,,,58.15,,,,18190000,14100000,28000000,,,51000000,19100000,,,23000000,,,,244,10,7,,,140,87,,,,,,,14745.23,558.38,804.63,,,9162.10,4220.13,,,,,,,30300000,27650000,53880000,,,31415000,28250000,,,,,,,"112Y"
63000,臺北市,63000120,北投區,1201,510,48,,,268,375,,,,,,,35652.43,14626.38,1673.25,,,8205.16,11147.63,,,,,,,14000000,13000000,18640000,,,14440000,15300000,,,,,,,241,12,1,,,132,96,,,,,,,11773.84,597.08,80.83,,,6615.48,4480.45,,,,,,,23500000,20000000,38800000,,,25840000,22490000,,,,,,,"112Y"
64000,高雄市,64000010,鹽埕區,249,31,34,,,154,30,,,,,,,6348.69,684.92,1791.58,,,3181.22,690.97,,,,,,,2550000,3700000,10260000,,,1600000,4050000,,,,,,,15,,,,,15,,,,,,,,715.22,,,,,715.22,,,,,,,,11000000,,,,,11000000,,,,,,,,"112Y"
64000,高雄市,64000020,鼓山區,921,165,163,,,563,30,,,,,,,39140.19,4659.20,8308.45,,,25263.80,908.74,,,,,,,8400000,4300000,11800000,,,9800000,5550000,,,,,,,594,,1,,,575,18,,,,,,,34549.34,,59.25,,,33793.25,696.84,,,,,,,14640000,,13800000,,,14850000,8645000,,,,,,,"112Y"
64000,高雄市,64000030,左營區,1092,56,206,,,762,68,,,,,,,42099.96,1480.98,11433.19,,,27009.20,2176.58,,,,,,,8100000,4100000,16900000,,,7900000,6500000,,,,,,,836,1,3,,,747,85,,,,,,,39307.36,40.80,310.54,,,35345.32,3610.70,,,,,,,10700000,8000000,34300000,,,10900000,8800000,,,,,,,"112Y"
64000,高雄市,64000040,楠梓區,1688,247,345,,,939,157,,,,,,,60343.00,6207.11,18253.35,,,31801.44,4081.09,,,,,,,7340000,3700000,11700000,,,8200000,4950000,,,,,,,607,2,5,,,556,44,,,,,,,25718.64,112.84,338.49,,,23445.81,1821.49,,,,,,,9000000,8300000,16000000,,,9200000,7340000,,,,,,,"112Y"
64000,高雄市,64000050,三民區,2292,494,577,,,1000,221,,,,,,,77669.50,12597.32,28264.52,,,31655.61,5152.05,,,,,,,6580000,4120000,11600000,,,7500000,3300000,,,,,,,809,1,21,,,723,64,,,,,,,38465.60,30.08,1468.39,,,34225.88,2741.25,,,,,,,9520000,7820000,3150000,,,9900000,8080000,,,,,,,"112Y"
64000,高雄市,64000060,新興區,581,75,91,,,330,85,,,,,,,17983.88,1829.00,4566.07,,,9535.14,2053.67,,,,,,,4518519,4250000,16200000,,,4472222,3800000,,,,,,,141,1,1,,,119,20,,,,,,,10705.15,57.42,1605.02,,,7724.24,1318.47,,,,,,,12088000,12080000,500000000,,,12500000,12088000,,,,,,,"112Y"
64000,高雄市,64000070,前金區,359,21,38,,,263,37,,,,,,,10676.18,512.81,2181.08,,,6796.05,1186.24,,,,,,,6060000,5000000,15600000,,,5980000,5000000,,,,,,,108,,1,,,104,3,,,,,,,5157.72,,158.73,,,4890.24,108.76,,,,,,,10440000,,34930000,,,10640000,7450000,,,,,,,"112Y"
64000,高雄市,64000080,苓雅區,1452,456,272,,,588,136,,,,,,,47455.31,12025.90,11532.73,,,19671.25,4225.43,,,,,,,6100000,4500000,10250000,,,7110000,6075000,,,,,,,448,,1,,,406,41,,,,,,,25563.28,,91.37,,,23386.88,2085.03,,,,,,,13780000,,23000000,,,14350000,8650000,,,,,,,"112Y"
64000,高雄市,64000090,前鎮區,1069,268,326,,,393,82,,,,,,,42300.24,6849.27,17966.66,,,14852.23,2632.08,,,,,,,6250000,4200000,9625000,,,7200000,6000000,,,,,,,332,1,,,,281,50,,,,,,,19655.34,39.99,,,,16455.81,3159.54,,,,,,,11350000,13100000,,,,11790000,9135000,,,,,,,"112Y"
64000,高雄市,64000100,旗津區,31,10,20,,,1,,,,,,,,858.84,276.31,549.47,,,33.05,,,,,,,,3300000,2775000,5150000,,,3600000,,,,,,,,,,,,,,,,,,,,,,,,,,,,,,,,,,,,,,,,,,,,,,,"112Y"
64000,高雄市,64000110,小港區,985,248,474,,,190,73,,,,,,,43644.30,6448.98,27950.81,,,6643.50,2601.01,,,,,,,6800000,3150000,14590000,,,6265000,5200000,,,,,,,203,4,2,,,133,64,,,,,,,8991.64,125.41,151.39,,,5831.14,2883.70,,,,,,,8000000,3125000,8500000,,,8350000,7600000,,,,,,,"112Y"
64000,高雄市,64000120,鳳山區,1962,479,720,,,586,177,,,,,,,72859.87,11528.29,35658.66,,,19637.31,6035.61,,,,,,,6850000,3900000,11210000,,,7380000,6300000,,,,,,,807,3,4,,,710,90,,,,,,,34711.17,145.12,269.47,,,30600.23,3696.35,,,,,,,9450000,5650000,15230000,,,9800000,7050000,,,,,,,"112Y"
64000,高雄市,64000130,林園區,357,37,263,,,17,40,,,,,,,16074.92,894.16,13455.80,,,653.71,1071.25,,,,,,,5250000,1500000,7500000,,,3400000,4475000,,,,,,,62,,,,,1,61,,,,,,,1932.43,,,,,49.13,1883.30,,,,,,,5865000,,,,,3200000,5880000,,,,,,,"112Y"
64000,高雄市,64000140,大寮區,647,25,427,,,88,107,,,,,,,30160.29,581.73,23673.43,,,3196.16,2708.98,,,,,,,5800000,2400000,8200000,,,4415000,4260000,,,,,,,87,2,,,,38,47,,,,,,,3521.00,82.64,,,,1705.51,1732.85,,,,,,,5800000,4725000,,,,5990000,5630000,,,,,,,"112Y"
64000,高雄市,64000150,大樹區,153,4,96,,,7,46,,,,,,,6220.17,136.12,4611.25,,,247.99,1224.82,,,,,,,5620000,2280000,6250000,,,3600000,5715000,,,,,,,26,,3,,,10,13,,,,,,,1249.59,,471.06,,,371.26,407.27,,,,,,,5200000,,35000000,,,4080000,7060000,,,,,,,"112Y"
64000,高雄市,64000160,大社區,199,7,137,,,28,27,,,,,,,9655.96,186.48,7834.97,,,809.99,824.52,,,,,,,9300000,3300000,15100000,,,4044400,4400000,,,,,,,25,,,,,13,12,,,,,,,963.93,,,,,496.25,467.67,,,,,,,6150000,,,,,6350000,6050000,,,,,,,"112Y"
64000,高雄市,64000170,仁武區,900,30,609,,,212,49,,,,,,,47486.62,700.07,37658.18,,,8039.16,1089.21,,,,,,,13500000,3450000,17100000,,,10800000,6800000,,,,,,,163,,9,,,140,14,,,,,,,7350.40,,620.55,,,6316.35,413.50,,,,,,,11200000,,14380000,,,11225000,4140000,,,,,,,"112Y"
64000,高雄市,64000180,鳥松區,272,11,190,,,46,25,,,,,,,15088.85,374.94,13048.53,,,1209.42,455.97,,,,,,,10800000,5500000,16760000,,,3000000,2340000,,,,,,,57,,3,,,30,24,,,,,,,3041.88,,404.30,,,1723.09,914.48,,,,,,,9100000,,18100000,,,10250000,8750000,,,,,,,"112Y"
64000,高雄市,64000190,岡山區,425,14,261,,,59,91,,,,,,,18181.47,377.94,13170.65,,,2180.48,2452.39,,,,,,,7350000,3220000,10000000,,,5380000,6100000,,,,,,,114,2,2,,,98,12,,,,,,,5660.19,75.22,212.63,,,4884.14,488.20,,,,,,,8730000,3735000,36300000,,,9010000,7410000,,,,,,,"112Y"
64000,高雄市,64000200,橋頭區,484,2,134,,,319,29,,,,,,,21517.35,53.55,7407.80,,,13285.00,770.99,,,,,,,8915000,2100000,17000000,,,8290000,6450000,,,,,,,180,,1,,,158,21,,,,,,,7107.56,,43.51,,,6316.09,747.95,,,,,,,9000000,,11380000,,,8975000,9860000,,,,,,,"112Y"
64000,高雄市,64000210,燕巢區,143,1,114,,,,28,,,,,,,8430.27,11.21,7850.51,,,,568.55,,,,,,,7900000,1378000,9500000,,,,5460000,,,,,,,19,,,,,,19,,,,,,,314.71,,,,,,314.71,,,,,,,2318125,,,,,,2318125,,,,,,,"112Y"
64000,高雄市,64000220,田寮區,,,,,,,,,,,,,,,,,,,,,,,,,,,,,,,,,,,,,,,,,,,,,,,,,,,,,,,,,,,,,,,,,,,,,,,,,,,,,,,"112Y"
64000,高雄市,64000230,阿蓮區,60,,57,,,2,1,,,,,,,2868.96,,2685.26,,,96.32,87.38,,,,,,,6350000,,6400000,,,4000000,12260000,,,,,,,3,,,,,2,1,,,,,,,124.09,,,,,82.50,41.59,,,,,,,4600000,,,,,5050000,3700000,,,,,,,"112Y"
64000,高雄市,64000240,路竹區,128,,126,,,,2,,,,,,,23042.45,,22974.36,,,,68.09,,,,,,,9450000,,9500000,,,,3900000,,,,,,,6,,,,,,6,,,,,,,184.75,,,,,,184.75,,,,,,,6900000,,,,,,6900000,,,,,,,"112Y"
64000,高雄市,64000250,湖內區,178,3,128,,,29,18,,,,,,,8107.65,92.52,6845.55,,,542.23,627.36,,,,,,,5900000,4000000,8150000,,,1250000,3780000,,,,,,,10,,,,,6,4,,,,,,,384.27,,,,,240.20,144.07,,,,,,,4930000,,,,,4930000,4115000,,,,,,,"112Y"
64000,高雄市,64000260,茄萣區,62,,47,,,10,5,,,,,,,6125.88,,5361.69,,,308.81,455.37,,,,,,,5300000,,6000000,,,3000000,15600000,,,,,,,3,,,,,3,,,,,,,,117.77,,,,,117.77,,,,,,,,3000000,,,,,3000000,,,,,,,,"112Y"
64000,高雄市,64000270,永安區,29,,29,,,,,,,,,,,2409.38,,2409.38,,,,,,,,,,,5600000,,5600000,,,,,,,,,,,,,,,,,,,,,,,,,,,,,,,,,,,,,,,,,,,,,,,,,,"112Y"
64000,高雄市,64000280,彌陀區,20,,20,,,,,,,,,,,789.11,,789.11,,,,,,,,,,,4925000,,4925000,,,,,,,,,,,,,,,,,,,,,,,,,,,,,,,,,,,,,,,,,,,,,,,,,,"112Y"
64000,高雄市,64000290,梓官區,146,,123,,,,23,,,,,,,6133.96,,5580.28,,,,553.68,,,,,,,6140000,,6650000,,,,5580000,,,,,,,5,1,,,,,4,,,,,,,171.30,47.30,,,,,124.01,,,,,,,6800000,3500000,,,,,6815000,,,,,,,"112Y"
64000,高雄市,64000300,旗山區,135,2,116,,,3,14,,,,,,,5705.59,44.88,5278.38,,,93.73,288.60,,,,,,,3900000,855000,4325000,,,2500000,1420000,,,,,,,1,,1,,,,,,,,,,,98.69,,98.69,,,,,,,,,,,11680000,,11680000,,,,,,,,,,,"112Y"
64000,高雄市,64000310,美濃區,78,1,76,,,,1,,,,,,,3726.05,65.58,3640.04,,,,20.43,,,,,,,7350000,13400000,7350000,,,,3550000,,,,,,,14,,,,,,14,,,,,,,484.21,,,,,,484.21,,,,,,,5500000,,,,,,5500000,,,,,,,"112Y"
64000,高雄市,64000320,六龜區,13,,13,,,,,,,,,,,489.42,,489.42,,,,,,,,,,,2700000,,2700000,,,,,,,,,,,,,,,,,,,,,,,,,,,,,,,,,,,,,,,,,,,,,,,,,,"112Y"
64000,高雄市,64000330,甲仙區,18,,12,,,6,,,,,,,,856.66,,683.51,,,173.14,,,,,,,,2400000,,2900000,,,850000,,,,,,,,,,,,,,,,,,,,,,,,,,,,,,,,,,,,,,,,,,,,,,,"112Y"
64000,高雄市,64000340,杉林區,17,,17,,,,,,,,,,,712.20,,712.20,,,,,,,,,,,4500000,,4500000,,,,,,,,,,,,,,,,,,,,,,,,,,,,,,,,,,,,,,,,,,,,,,,,,,"112Y"
64000,高雄市,64000350,內門區,13,,12,,,,,,,,,,1,420.68,,399.89,,,,,,,,,,20.79,2800000,,2900000,,,,,,,,,,2800000,,,,,,,,,,,,,,,,,,,,,,,,,,,,,,,,,,,,,,,,"112Y"
64000,高雄市,64000360,茂林區,2,,2,,,,,,,,,,,112.35,,112.35,,,,,,,,,,,972550,,972550,,,,,,,,,,,,,,,,,,,,,,,,,,,,,,,,,,,,,,,,,,,,,,,,,,"112Y"
64000,高雄市,64000370,桃源區,1,,1,,,,,,,,,,,38.30,,38.30,,,,,,,,,,,2263950,,2263950,,,,,,,,,,,,,,,,,,,,,,,,,,,,,,,,,,,,,,,,,,,,,,,,,,"112Y"
64000,高雄市,64000380,那瑪夏區,,,,,,,,,,,,,,,,,,,,,,,,,,,,,,,,,,,,,,,,,,,,,,,,,,,,,,,,,,,,,,,,,,,,,,,,,,,,,,,"112Y"
65000,新北市,65000010,板橋區,3463,1421,98,,,1723,221,,,,,,,98273.55,34429.76,3332.34,,,53848.54,6662.91,,,,,,,12600000,10200000,16465000,,,16300000,13700000,,,,,,,422,4,,,,350,68,,,,,,,24185.70,159.92,,,,20403.85,3621.93,,,,,,,20500000,11750000,,,,21640000,17100000,,,,,,,"112Y"
65000,新北市,65000020,三重區,2594,1282,102,,,957,253,,,,,,,77050.28,28674.28,3728.79,,,32638.90,12008.30,,,,,,,11000000,8800000,15300000,,,16250000,14450000,,,,,,,472,2,,,,390,80,,,,,,,23077.17,43.99,,,,18802.67,4230.51,,,,,,,19200000,9585000,,,,19500000,16600000,,,,,,,"112Y"
65000,新北市,65000030,中和區,2700,1229,75,,,1172,224,,,,,,,78544.46,31980.65,3778.78,,,33916.47,8868.55,,,,,,,12000000,10650000,18000000,,,14000000,13915000,,,,,,,476,9,3,,,339,125,,,,,,,28584.45,418.61,255.20,,,19455.93,8454.71,,,,,,,19850000,13900000,35000000,,,19980000,20000000,,,,,,,"112Y"
65000,新北市,65000040,永和區,1275,617,20,,,458,180,,,,,,,35493.25,15908.02,463.69,,,14393.88,4727.66,,,,,,,13000000,12150000,13200000,,,16655000,13820000,,,,,,,166,1,,,,135,30,,,,,,,7627.84,44.79,,,,6449.58,1133.46,,,,,,,20925000,20000000,,,,21360000,18220000,,,,,,,"112Y"
65000,新北市,65000050,新莊區,2835,1033,92,,,1396,314,,,,,,,95243.23,26189.52,5940.89,,,53127.33,9985.49,,,,,,,12000000,8900000,19225000,,,15560000,11575000,,,,,,,606,9,4,,,475,118,,,,,,,31731.16,317.23,397.20,,,25174.33,5842.39,,,,,,,17000000,10000000,28650000,,,17400000,16000000,,,,,,,"112Y"
65000,新北市,65000060,新店區,2074,758,143,,,888,285,,,,,,,68222.27,21488.82,7548.86,,,29214.56,9970.03,,,,,,,12500000,10665000,14600000,,,15750000,12000000,,,,,,,640,61,64,,,386,129,,,,,,,36233.02,2999.19,6174.78,,,19078.11,7980.94,,,,,,,18200000,10000000,29790000,,,19225000,16880000,,,,,,,"112Y"
65000,新北市,65000070,樹林區,751,334,77,,,237,103,,,,,,,25467.98,8914.50,4146.94,,,8835.34,3571.20,,,,,,,9000000,7440000,15700000,,,12800000,11000000,,,,,,,236,11,13,,,154,58,,,,,,,12470.67,468.71,1142.00,,,8362.73,2497.23,,,,,,,14500000,10500000,18550000,,,16500000,11775000,,,,,,,"112Y"
65000,新北市,65000080,鶯歌區,380,108,102,,,84,86,,,,,,,13522.57,2939.19,5247.92,,,2885.96,2449.49,,,,,,,7525000,5190000,11300000,,,9965000,7065000,,,,,,,169,4,8,,,100,57,,,,,,,7566.17,147.21,574.83,,,4441.58,2402.54,,,,,,,11880000,6550000,17400000,,,12880000,10305000,,,,,,,"112Y"
65000,新北市,65000090,三峽區,572,77,64,,,297,134,,,,,,,17974.47,2027.87,3308.41,,,8678.76,3959.43,,,,,,,8540000,5880000,8600000,,,10080000,8250000,,,,,,,222,3,8,,,167,44,,,,,,,10691.74,133.11,655.08,,,8005.25,1898.30,,,,,,,14250000,5900000,23000000,,,14800000,11425000,,,,,,,"112Y"
65000,新北市,65000100,淡水區,2432,457,74,,,1586,315,,,,,,,80510.47,11244.44,8760.37,,,51849.35,8656.32,,,,,,,7425000,4996272,12300000,,,8125000,7000000,,,,,,,1263,16,23,,,1080,144,,,,,,,59763.27,717.06,1982.65,,,50415.72,6647.85,,,,,,,10400000,11750000,19100000,,,10310000,10565000,,,,,,,"112Y"
65000,新北市,65000110,汐止區,1811,481,106,,,958,266,,,,,,,61009.90,13520.68,6583.90,,,31842.04,9063.28,,,,,,,10000000,8000000,13590000,,,10900000,10400000,,,,,,,672,74,7,,,462,129,,,,,,,38637.18,4391.03,527.32,,,26538.36,7180.47,,,,,,,14500000,13700000,18500000,,,15115000,13000000,,,,,,,"112Y"
65000,新北市,65000120,瑞芳區,156,124,20,,,,12,,,,,,,5367.20,3173.96,1926.35,,,,266.89,,,,,,,2800000,2665000,4590000,,,,2200000,,,,,,,14,5,1,,,,8,,,,,,,628.76,201.76,99.75,,,,327.24,,,,,,,6800000,3700000,15500000,,,,7200000,,,,,,,"112Y"
65000,新北市,65000130,土城區,1388,514,36,,,633,205,,,,,,,41608.81,13626.10,1974.45,,,19851.16,6157.10,,,,,,,11350000,9390000,22500000,,,13700000,12300000,,,,,,,281,7,2,,,212,60,,,,,,,12424.49,318.69,152.93,,,9404.96,2547.90,,,,,,,16080000,14700000,26450000,,,17100000,15140000,,,,,,,"112Y"
65000,新北市,65000140,蘆洲區,998,524,21,,,176,277,,,,,,,30904.86,14623.00,641.47,,,6656.94,8983.46,,,,,,,11955000,10450000,17000000,,,15715000,13800000,,,,,,,291,1,,,,143,147,,,,,,,14003.77,37.34,,,,7172.17,6794.26,,,,,,,18000000,12500000,,,,19800000,17000000,,,,,,,"112Y"
65000,新北市,65000150,五股區,668,148,23,,,385,112,,,,,,,25195.50,3947.19,3690.21,,,13004.90,4553.20,,,,,,,10621000,6750000,17700000,,,11810000,11100000,,,,,,,334,7,5,,,241,81,,,,,,,15994.31,246.62,446.13,,,10269.13,5032.44,,,,,,,12965000,10200000,31380000,,,13050000,12500000,,,,,,,"112Y"
65000,新北市,65000160,泰山區,421,169,20,,,104,128,,,,,,,12376.76,4345.33,869.01,,,3786.01,3376.40,,,,,,,9300000,7300000,13250000,,,12830000,9450000,,,,,,,104,,4,,,68,32,,,,,,,5018.97,,296.55,,,3215.88,1506.54,,,,,,,14650000,,21750000,,,14550000,13675000,,,,,,,"112Y"
65000,新北市,65000170,林口區,626,93,55,,,402,76,,,,,,,30595.55,2623.09,6272.12,,,19319.26,2381.09,,,,,,,13225000,6880000,30000000,,,15850000,9875000,,,,,,,890,8,49,,,683,150,,,,,,,49176.67,428.68,5045.27,,,36619.70,7083.02,,,,,,,16000000,11425000,32000000,,,16200000,14000000,,,,,,,"112Y"
65000,新北市,65000180,深坑區,124,45,18,,,24,37,,,,,,,4795.68,1474.63,1393.34,,,910.29,1017.43,,,,,,,8100000,7000000,11125000,,,15090000,7400000,,,,,,,37,1,,,,18,18,,,,,,,1743.74,29.01,,,,787.12,927.61,,,,,,,11800000,6460000,,,,12015000,12440000,,,,,,,"112Y"
65000,新北市,65000190,石碇區,,,,,,,,,,,,,,,,,,,,,,,,,,,,,,,,,,,,,,,,,,,,,,,,,,,,,,,,,,,,,,,,,,,,,,,,,,,,,,,"112Y"
65000,新北市,65000200,坪林區,5,3,2,,,,,,,,,,,206.48,87.42,119.05,,,,,,,,,,,4166667,4166667,17400000,,,,,,,,,,,,,,,,,,,,,,,,,,,,,,,,,,,,,,,,,,,,,,,,,,"112Y"
65000,新北市,65000210,三芝區,263,37,35,,,132,59,,,,,,,7155.52,1106.11,2203.10,,,2407.73,1438.58,,,,,,,2710000,3000000,7100000,,,1975000,3120000,,,,,,,61,4,11,,,17,29,,,,,,,2599.72,223.37,652.10,,,754.41,969.85,,,,,,,4220000,4740000,7800000,,,4500000,3600000,,,,,,,"112Y"
65000,新北市,65000220,石門區,33,14,7,,,,12,,,,,,,1050.66,334.12,478.58,,,,237.96,,,,,,,1200000,1650000,12000000,,,,1025000,,,,,,,,,,,,,,,,,,,,,,,,,,,,,,,,,,,,,,,,,,,,,,"112Y"
65000,新北市,65000230,八里區,450,21,23,,,362,44,,,,,,,15353.28,622.45,2183.44,,,11102.35,1445.04,,,,,,,8250000,4900000,22500000,,,8470000,7475000,,,,,,,192,,4,,,141,47,,,,,,,8711.98,,304.03,,,6200.09,2207.86,,,,,,,9600000,,23440000,,,9950000,8800000,,,,,,,"112Y"
65000,新北市,65000240,平溪區,2,,2,,,,,,,,,,,167.36,,167.36,,,,,,,,,,,6725000,,6725000,,,,,,,,,,,,,,,,,,,,,,,,,,,,,,,,,,,,,,,,,,,,,,,,,,"112Y"
65000,新北市,65000250,雙溪區,13,7,6,,,,,,,,,,,472.20,201.72,270.48,,,,,,,,,,,2400000,2000000,3150000,,,,,,,,,,,1,,1,,,,,,,,,,,60.12,,60.12,,,,,,,,,,,5700000,,5700000,,,,,,,,,,,"112Y"
65000,新北市,65000260,貢寮區,18,6,7,,,,5,,,,,,,835.37,189.22,401.45,,,,244.70,,,,,,,2650000,1666667,6650000,,,,2700000,,,,,,,1,1,,,,,,,,,,,,47.76,47.76,,,,,,,,,,,,2350000,2350000,,,,,,,,,,,,"112Y"
65000,新北市,65000270,金山區,101,34,28,,,17,22,,,,,,,3845.08,892.54,1873.46,,,527.83,551.25,,,,,,,4070000,2960000,10175000,,,6000000,2650000,,,,,,,12,,3,,,,9,,,,,,,557.55,,173.61,,,,383.95,,,,,,,6900000,,6300000,,,,7500000,,,,,,,"112Y"
65000,新北市,65000280,萬里區,264,134,9,,,113,8,,,,,,,5902.20,3116.01,784.30,,,1856.18,145.72,,,,,,,2100000,1400000,13900000,,,3060000,2750000,,,,,,,13,1,,,,4,8,,,,,,,1449.35,35.77,,,,111.46,1302.11,,,,,,,3400000,3400000,,,,2725000,6372240,,,,,,,"112Y"
65000,新北市,65000290,烏來區,1,1,,,,,,,,,,,,13.27,13.27,,,,,,,,,,,,3200000,3200000,,,,,,,,,,,,,,,,,,,,,,,,,,,,,,,,,,,,,,,,,,,,,,,,,,,"112Y"
66000,臺中市,66000010,中區,353,29,30,,,197,93,4,,,,,,7236.60,555.52,1872.84,,,2859.12,1912.83,36.29,,,,,,2380000,4100000,12690000,,,2300000,2100000,1675000,,,,,,13,,1,,,12,,,,,,,,1839.22,,1168.42,,,670.81,,,,,,,,12000000,,95000000,,,12000000,,,,,,,,"112Y"
66000,臺中市,66000020,東區,368,43,133,,,124,63,5,,,,,,15159.29,1376.42,7847.55,,,4160.01,1717.60,57.70,,,,,,9940000,6400000,16000000,,,10290000,6100000,3100000,,,,,,250,3,11,,,184,52,,,,,,,11104.75,137.52,717.48,,,8331.23,1918.52,,,,,,,12000000,7000000,18200000,,,12500000,9250000,,,,,,,"112Y"
66000,臺中市,66000030,南區,863,124,156,,,441,138,4,,,,,,28235.53,3252.96,8122.65,,,13207.84,3608.16,43.91,,,,,,6880000,5465000,14000000,,,7000000,6800000,2550000,,,,,,625,1,6,,,548,70,,,,,,,28308.77,69.09,385.45,,,24792.01,3062.22,,,,,,,11000000,24680000,17585000,,,11320000,9345000,,,,,,,"112Y"
66000,臺中市,66000040,西區,971,213,149,,,386,192,31,,,,,,27468.99,5523.35,7626.25,,,9170.66,4807.14,341.59,,,,,,5800000,6150000,18280000,,,3400000,4975000,2650000,,,,,,422,1,1,,,309,111,,,,,,,26135.43,83.09,62.93,,,20739.00,5250.40,,,,,,,14175000,28580000,23000000,,,15750000,11220000,,,,,,,"112Y"
66000,臺中市,66000050,北區,1712,456,268,,,641,347,,,,,,,45943.10,11452.21,12133.84,,,15055.20,7301.84,,,,,,,5900000,5620000,15600000,,,5500000,4100000,,,,,,,553,8,24,,,415,106,,,,,,,29070.93,308.70,1904.08,,,22533.04,4325.11,,,,,,,11260000,8375000,16750000,,,11700000,9000000,,,,,,,"112Y"
66000,臺中市,66000060,西屯區,1707,206,252,3,,837,409,,,,,,,61248.71,5460.91,19929.14,236.31,,27901.65,7720.69,,,,,,,7400000,5940000,23500000,68600000,,8000000,3600000,,,,,,,1340,8,40,,,1075,217,,,,,,,77513.43,478.61,5303.12,,,62833.59,8898.10,,,,,,,14000000,26695000,38290000,,,14680000,9600000,,,,,,,"112Y"
66000,臺中市,66000070,南屯區,745,39,204,,,389,113,,,,,,,34931.67,1022.98,16118.57,,,14669.30,3120.82,,,,,,,11400000,5750000,27750000,,,10250000,7000000,,,,,,,1095,8,32,,,885,170,,,,,,,57608.28,377.20,3003.87,,,46650.24,7576.97,,,,,,,13560000,11500000,27790000,,,14000000,10200000,,,,,,,"112Y"
66000,臺中市,66000080,北屯區,1528,204,528,,,536,260,,,,,,,60839.61,5685.53,32057.46,,,16174.93,6921.69,,,,,,,8740000,5870000,20000000,,,8390000,6500000,,,,,,,1872,15,72,,,1512,273,,,,,,,88028.02,607.72,5972.61,,,70476.74,10970.95,,,,,,,12500000,8420000,31470000,,,12700000,9300000,,,,,,,"112Y"
66000,臺中市,66000090,豐原區,575,46,364,,,71,94,,,,,,,22559.86,1005.49,17238.86,,,2076.75,2238.76,,,,,,,8200000,4200000,11740000,,,6000000,4680000,,,,,,,197,1,4,,,133,59,,,,,,,8221.70,30.66,251.51,,,5781.11,2158.42,,,,,,,10100000,6000000,19350000,,,11800000,8000000,,,,,,,"112Y"
66000,臺中市,66000100,東勢區,145,7,119,,,1,18,,,,,,,7039.32,319.58,6017.13,,,66.94,635.67,,,,,,,7500000,5550000,8700000,,,10100000,4800000,,,,,,,20,,1,,,,19,,,,,,,814.87,,45.41,,,,769.46,,,,,,,8690000,,13500000,,,,8500000,,,,,,,"112Y"
66000,臺中市,66000110,大甲區,211,10,177,,,5,18,,,1,,,,10671.86,268.06,8961.92,,,244.37,598.56,,,598.95,,,,8500000,3575000,9500000,,,7500000,6450000,,,220000000,,,,41,,1,,,9,31,,,,,,,1817.75,,60.65,,,425.75,1331.35,,,,,,,6600000,,13100000,,,12100000,6400000,,,,,,,"112Y"
66000,臺中市,66000120,清水區,236,5,195,,,24,12,,,,,,,12115.18,118.38,10929.46,,,752.93,314.41,,,,,,,10150000,3300000,12260000,,,6430000,5850000,,,,,,,241,3,9,,,209,20,,,,,,,11121.22,156.60,642.54,,,9654.74,667.33,,,,,,,8000000,5700000,15500000,,,8000000,6300000,,,,,,,"112Y"
66000,臺中市,66000130,沙鹿區,541,24,394,,,6,117,,,,,,,25787.65,568.03,22909.71,,,184.92,2124.98,,,,,,,11750000,3740000,13325000,,,7560000,4502000,,,,,,,127,2,14,,,30,81,,,,,,,5564.07,61.79,957.62,,,1305.43,3239.23,,,,,,,9200000,7950000,14475000,,,10040000,8830000,,,,,,,"112Y"
66000,臺中市,66000140,梧棲區,261,23,191,,,14,33,,,,,,,13061.35,611.92,10863.85,,,557.34,1028.24,,,,,,,9500000,3780000,12380000,,,5520000,5800000,,,,,,,122,4,15,,,62,41,,,,,,,5360.08,165.43,1081.19,,,2673.79,1439.67,,,,,,,7355000,5500000,13980000,,,8019500,6000000,,,,,,,"112Y"
66000,臺中市,66000150,后里區,113,,105,,,1,7,,,,,,,5838.54,,5626.59,,,30.25,181.70,,,,,,,9800000,,10500000,,,5380000,6500000,,,,,,,25,,2,,,4,19,,,,,,,883.75,,114.55,,,187.17,582.03,,,,,,,8260000,,9900000,,,12940000,8200000,,,,,,,"112Y"
66000,臺中市,66000160,神岡區,172,1,145,,,,26,,,,,,,8824.64,24.53,7971.47,,,,828.64,,,,,,,11860000,3580000,14500000,,,,7000000,,,,,,,35,1,1,,,12,21,,,,,,,1444.00,35.46,52.50,,,473.09,882.96,,,,,,,7650000,4500000,11600000,,,7940000,7180000,,,,,,,"112Y"
66000,臺中市,66000170,潭子區,405,9,253,,,58,85,,,,,,,17387.89,240.87,12600.45,,,1873.72,2672.84,,,,,,,9250000,4400000,14000000,,,7550000,6650000,,,,,,,205,4,9,,,110,82,,,,,,,8282.26,75.38,584.16,,,4417.04,3205.68,,,,,,,9200000,3537500,16550000,,,9950000,8500000,,,,,,,"112Y"
66000,臺中市,66000180,大雅區,245,22,173,,,15,35,,,,,,,11912.54,410.12,9792.81,,,584.17,1125.44,,,,,,,11680000,3175000,14200000,,,7400000,6700000,,,,,,,139,,2,,,85,52,,,,,,,5817.49,,102.66,,,3703.46,2011.38,,,,,,,10500000,,10500000,,,12170000,7600000,,,,,,,"112Y"
66000,臺中市,66000190,新社區,68,,52,,,,16,,,,,,,3154.93,,2775.47,,,,379.46,,,,,,,7600000,,8825000,,,,4335000,,,,,,,13,2,2,,,,9,,,,,,,483.75,84.89,145.39,,,,253.47,,,,,,,5200000,5175000,12225000,,,,5170000,,,,,,,"112Y"
66000,臺中市,66000200,石岡區,35,,35,,,,,,,,,,,3238.41,,3238.41,,,,,,,,,,,9980000,,9980000,,,,,,,,,,,,,,,,,,,,,,,,,,,,,,,,,,,,,,,,,,,,,,,,,,"112Y"
66000,臺中市,66000210,外埔區,105,,86,,,,16,,,3,,,,7419.88,,4387.68,,,,652.49,,,2379.72,,,,7200000,,8350000,,,,6090000,,,440000000,,,,4,,2,,,,2,,,,,,,232.76,,147.42,,,,85.34,,,,,,,7720000,,12595000,,,,4225000,,,,,,,"112Y"
66000,臺中市,66000220,大安區,49,,49,,,,,,,,,,,2318.33,,2318.33,,,,,,,,,,,7950000,,7950000,,,,,,,,,,,2,,2,,,,,,,,,,,163.78,,163.78,,,,,,,,,,,7190000,,7190000,,,,,,,,,,,"112Y"
66000,臺中市,66000230,烏日區,227,11,143,,,56,17,,,,,,,10653.11,250.43,7511.16,,,2403.77,487.75,,,,,,,11500000,4800000,13600000,,,10110000,4260000,,,,,,,451,,6,,,421,24,,,,,,,19698.14,,438.63,,,18118.64,1140.86,,,,,,,11300000,,15800000,,,11420000,8720000,,,,,,,"112Y"
66000,臺中市,66000240,大肚區,213,62,129,,,3,19,,,,,,,8778.83,1261.98,6778.38,,,97.28,641.20,,,,,,,6800000,3450000,9500000,,,5100000,6430000,,,,,,,31,1,2,,,1,27,,,,,,,1196.21,42.66,108.92,,,36.53,1008.11,,,,,,,7500000,6900000,7090000,,,5880000,8100000,,,,,,,"112Y"
66000,臺中市,66000250,龍井區,416,110,192,,,39,75,,,,,,,15094.16,1654.32,10275.80,,,1445.74,1718.31,,,,,,,7050000,1650000,12500000,,,7430000,4500000,,,,,,,69,8,8,,,10,43,,,,,,,2805.59,404.05,465.14,,,380.38,1556.02,,,,,,,6350000,7425000,11440000,,,7285000,5980000,,,,,,,"112Y"
66000,臺中市,66000260,霧峰區,222,13,160,,,14,35,,,,,,,9829.29,345.32,7987.32,,,502.12,994.52,,,,,,,8000000,3450000,9510000,,,5165000,4630000,,,,,,,44,,2,,,20,22,,,,,,,1960.28,,132.99,,,861.38,965.91,,,,,,,7750000,,10490000,,,8525000,7340000,,,,,,,"112Y"
66000,臺中市,66000270,太平區,944,76,577,,,154,137,,,,,,,42782.59,5415.24,28781.66,,,5150.71,3434.98,,,,,,,9975000,4875000,13300000,,,8325000,5500000,,,,,,,536,12,45,,,410,69,,,,,,,25373.13,556.66,3662.58,,,18650.96,2502.92,,,,,,,11640000,7425000,22850000,,,12300000,7280000,,,,,,,"112Y"
66000,臺中市,66000280,大里區,809,80,482,,,112,135,,,,,,,35015.95,2196.49,24569.85,,,4120.82,4128.80,,,,,,,8500000,4934445,13630000,,,7500000,6000000,,,,,,,344,3,21,,,198,122,,,,,,,14968.75,132.51,1473.18,,,8695.64,4667.41,,,,,,,9300000,6000000,19000000,,,10450000,7750000,,,,,,,"112Y"
66000,臺中市,66000290,和平區,4,,4,,,,,,,,,,,687.97,,687.97,,,,,,,,,,,5900000,,5900000,,,,,,,,,,,,,,,,,,,,,,,,,,,,,,,,,,,,,,,,,,,,,,,,,,"112Y"
67000,臺南市,67000010,新營區,472,51,288,,,39,94,,,,,,,23973.43,1498.26,17931.28,,,1493.23,3050.66,,,,,,,5855000,2400000,11384000,,,4800000,4505000,,,,,,,44,2,1,,,19,22,,,,,,,1974.83,93.28,67.58,,,912.42,901.54,,,,,,,5800000,6000000,7500000,,,5800000,5575000,,,,,,,"112Y"
67000,臺南市,67000020,鹽水區,92,6,74,,,3,9,,,,,,,3802.86,162.98,3386.91,,,98.61,154.36,,,,,,,3725488,2225000,4500000,,,2200000,1000000,,,,,,,5,1,,,,2,2,,,,,,,195.15,43.73,,,,65.99,85.43,,,,,,,3550000,3550000,,,,3605000,4025000,,,,,,,"112Y"
67000,臺南市,67000030,白河區,73,8,59,,,,6,,,,,,,3066.15,199.23,2701.49,,,,165.43,,,,,,,5000000,1785000,6080000,,,,1410000,,,,,,,,,,,,,,,,,,,,,,,,,,,,,,,,,,,,,,,,,,,,,,"112Y"
67000,臺南市,67000040,柳營區,67,,64,,,,1,,,,2,,,8856.47,,7720.37,,,,64.20,,,,1071.91,,,8800000,,8800000,,,,5750000,,,,25500000,,,,,,,,,,,,,,,,,,,,,,,,,,,,,,,,,,,,,,,,,,"112Y"
67000,臺南市,67000050,後壁區,47,,47,,,,,,,,,,,3361.25,,3361.25,,,,,,,,,,,4500000,,4500000,,,,,,,,,,,,,,,,,,,,,,,,,,,,,,,,,,,,,,,,,,,,,,,,,,"112Y"
67000,臺南市,67000060,東山區,32,,29,,,,3,,,,,,,1950.97,,1865.36,,,,85.61,,,,,,,6100000,,8060000,,,,4620000,,,,,,,,,,,,,,,,,,,,,,,,,,,,,,,,,,,,,,,,,,,,,,"112Y"
67000,臺南市,67000070,麻豆區,129,1,110,,,1,17,,,,,,,6751.13,24.96,6060.05,,,16.55,649.56,,,,,,,7500000,3320000,9140000,,,1200000,6700000,,,,,,,6,,,,,1,5,,,,,,,189.25,,,,,39.08,150.17,,,,,,,4375000,,,,,3800000,4950000,,,,,,,"112Y"
67000,臺南市,67000080,下營區,32,1,28,,,,3,,,,,,,1936.48,38.99,1809.67,,,,87.82,,,,,,,4375000,4250000,4300000,,,,5630000,,,,,,,11,,,,,,11,,,,,,,404.30,,,,,,404.30,,,,,,,6250000,,,,,,6250000,,,,,,,"112Y"
67000,臺南市,67000090,六甲區,59,,59,,,,,,,,,,,3394.66,,3394.66,,,,,,,,,,,7500000,,7500000,,,,,,,,,,,1,,,,,,1,,,,,,,19.83,,,,,,19.83,,,,,,,2800000,,,,,,2800000,,,,,,,"112Y"
67000,臺南市,67000100,官田區,75,,75,,,,,,,,,,,3945.73,,3945.73,,,,,,,,,,,10580000,,10580000,,,,,,,,,,,,,,,,,,,,,,,,,,,,,,,,,,,,,,,,,,,,,,,,,,"112Y"
67000,臺南市,67000110,大內區,23,,23,,,,,,,,,,,945.92,,945.92,,,,,,,,,,,8380000,,8380000,,,,,,,,,,,,,,,,,,,,,,,,,,,,,,,,,,,,,,,,,,,,,,,,,,"112Y"
67000,臺南市,67000120,佳里區,246,2,208,,,7,29,,,,,,,11998.87,64.79,11063.71,,,295.41,574.96,,,,,,,9225000,2900000,9805000,,,4300000,4350000,,,,,,,27,,1,,,4,22,,,,,,,1053.47,,58.30,,,200.52,794.65,,,,,,,5600000,,7200000,,,5525000,6065000,,,,,,,"112Y"
67000,臺南市,67000130,學甲區,63,,53,,,,10,,,,,,,3529.99,,3312.70,,,,217.29,,,,,,,6100000,,7500000,,,,1650000,,,,,,,10,,2,,,,8,,,,,,,383.05,,129.10,,,,253.94,,,,,,,6230000,,7250000,,,,5280000,,,,,,,"112Y"
67000,臺南市,67000140,西港區,102,,95,,,,7,,,,,,,5538.32,,5366.97,,,,171.35,,,,,,,10200000,,10330000,,,,3280000,,,,,,,37,,2,,,,35,,,,,,,1400.29,,92.79,,,,1307.49,,,,,,,8200000,,6175000,,,,8200000,,,,,,,"112Y"
67000,臺南市,67000150,七股區,62,,62,,,,,,,,,,,3180.27,,3180.27,,,,,,,,,,,7526110,,7526110,,,,,,,,,,,7,,7,,,,,,,,,,,279.59,,279.59,,,,,,,,,,,8300000,,8300000,,,,,,,,,,,"112Y"
67000,臺南市,67000160,將軍區,30,,30,,,,,,,,,,,1741.22,,1741.22,,,,,,,,,,,3900000,,3900000,,,,,,,,,,,,,,,,,,,,,,,,,,,,,,,,,,,,,,,,,,,,,,,,,,"112Y"
67000,臺南市,67000170,北門區,2,,2,,,,,,,,,,,60.33,,60.33,,,,,,,,,,,1850000,,1850000,,,,,,,,,,,,,,,,,,,,,,,,,,,,,,,,,,,,,,,,,,,,,,,,,,"112Y"
67000,臺南市,67000180,新化區,170,,119,,,3,48,,,,,,,7423.69,,5754.45,,,68.84,1600.41,,,,,,,9400000,,11000000,,,3200000,8675000,,,,,,,18,,,,,6,12,,,,,,,728.60,,,,,250.81,477.78,,,,,,,6090000,,,,,5500000,6600000,,,,,,,"112Y"
67000,臺南市,67000190,善化區,276,2,217,,,19,38,,,,,,,13109.71,55.59,11411.72,,,641.44,1000.97,,,,,,,11150000,3925000,12880000,,,8600000,7590000,,,,,,,100,,2,,,52,46,,,,,,,3808.10,,145.35,,,2118.60,1544.15,,,,,,,9775000,,17980000,,,11925000,8650000,,,,,,,"112Y"
67000,臺南市,67000200,新市區,243,1,114,,,13,115,,,,,,,9588.65,10.14,6187.65,,,351.52,3039.34,,,,,,,8120000,3580000,11340000,,,6550000,7300000,,,,,,,63,,1,,,19,43,,,,,,,2172.61,,61.60,,,634.50,1476.51,,,,,,,8050000,,12000000,,,8500000,7700000,,,,,,,"112Y"
67000,臺南市,67000210,安定區,97,,71,,,,26,,,,,,,4499.13,,3689.81,,,,809.32,,,,,,,8200000,,9500000,,,,6060000,,,,,,,27,,,,,,27,,,,,,,994.31,,,,,,994.31,,,,,,,7200000,,,,,,7200000,,,,,,,"112Y"
67000,臺南市,67000220,山上區,18,,18,,,,,,,,,,,1633.64,,1633.64,,,,,,,,,,,8300000,,8300000,,,,,,,,,,,,,,,,,,,,,,,,,,,,,,,,,,,,,,,,,,,,,,,,,,"112Y"
67000,臺南市,67000230,玉井區,34,,34,,,,,,,,,,,1671.37,,1671.37,,,,,,,,,,,7430000,,7430000,,,,,,,,,,,1,,,,,,1,,,,,,,38.18,,,,,,38.18,,,,,,,4280000,,,,,,4280000,,,,,,,"112Y"
67000,臺南市,67000240,楠西區,21,,20,,,,1,,,,,,,1471.84,,1456.45,,,,15.39,,,,,,,3700000,,3900000,,,,3100000,,,,,,,,,,,,,,,,,,,,,,,,,,,,,,,,,,,,,,,,,,,,,,"112Y"
67000,臺南市,67000250,南化區,7,,7,,,,,,,,,,,223.74,,223.74,,,,,,,,,,,2400000,,2400000,,,,,,,,,,,,,,,,,,,,,,,,,,,,,,,,,,,,,,,,,,,,,,,,,,"112Y"
67000,臺南市,67000260,左鎮區,2,,2,,,,,,,,,,,111.92,,111.92,,,,,,,,,,,4750000,,4750000,,,,,,,,,,,,,,,,,,,,,,,,,,,,,,,,,,,,,,,,,,,,,,,,,,"112Y"
67000,臺南市,67000270,仁德區,365,8,222,,,25,109,,,,,,1,16150.90,135.62,12579.09,,,984.52,2398.96,,,,,,52.72,6800000,1210000,9950000,,,6800000,3300000,,,,,,5500000,87,,1,,,60,26,,,,,,,3658.71,,72.03,,,2533.36,1053.31,,,,,,,8880000,,7400000,,,9550000,7600000,,,,,,,"112Y"
67000,臺南市,67000280,歸仁區,322,1,224,,,65,32,,,,,,,17329.24,32.06,14476.25,,,1903.83,917.09,,,,,,,8450000,4600000,9000000,,,9000000,4800000,,,,,,,55,1,1,,,25,28,,,,,,,2071.90,48.34,59.66,,,972.99,990.90,,,,,,,6940000,5600000,13800000,,,6940000,6950000,,,,,,,"112Y"
67000,臺南市,67000290,關廟區,95,,95,,,,,,,,,,,5470.47,,5470.47,,,,,,,,,,,10500000,,10500000,,,,,,,,,,,4,1,2,,,,1,,,,,,,181.64,40.91,98.24,,,,42.50,,,,,,,5300000,4600000,4950000,,,,7600000,,,,,,,"112Y"
67000,臺南市,67000300,龍崎區,,,,,,,,,,,,,,,,,,,,,,,,,,,,,,,,,,,,,,,,,,,,,,,,,,,,,,,,,,,,,,,,,,,,,,,,,,,,,,,"112Y"
67000,臺南市,67000310,永康區,1293,56,653,,,315,269,,,,,,,52068.60,1439.46,35921.12,,,9272.68,5435.34,,,,,,,7000000,4225000,13200000,,,5800000,3000000,,,,,,,555,6,3,,,356,190,,,,,,,23386.91,261.33,211.95,,,15683.83,7229.80,,,,,,,8600000,6850000,12000000,,,10000000,7450000,,,,,,,"112Y"
67000,臺南市,67000320,東區,887,170,340,,,164,213,,,,,,,32560.59,4583.46,18334.80,,,4806.86,4835.48,,,,,,,6000000,4425000,13000000,,,5350000,4550000,,,,,,,362,1,3,,,226,132,,,,,,,16891.27,54.86,178.70,,,11102.78,5554.93,,,,,,,9500000,7000000,17000000,,,10300000,8300000,,,,,,,"112Y"
67000,臺南市,67000330,南區,652,187,329,,,56,80,,,,,,,26853.90,5057.10,16909.56,,,2087.04,2800.19,,,,,,,6581350,3833333,10800000,,,9555000,4480000,,,,,,,162,3,1,,,108,50,,,,,,,7794.97,115.47,49.72,,,4965.53,2664.25,,,,,,,8550000,4300000,11500000,,,8400000,9050000,,,,,,,"112Y"
67000,臺南市,67000340,北區,729,52,400,,,195,82,,,,,,,27728.80,1382.64,19290.07,,,5060.24,1995.85,,,,,,,7000000,4080000,9800000,,,6600000,4000000,,,,,,,246,5,6,,,180,55,,,,,,,13545.43,179.70,472.30,,,9919.86,2973.56,,,,,,,10000000,6000000,21000000,,,10625000,8700000,,,,,,,"112Y"
67000,臺南市,67000350,安南區,1106,41,912,,,37,116,,,,,,,58522.93,1283.35,51652.48,,,1524.75,4062.35,,,,,,,12000000,3600000,13225000,,,9880000,11065000,,,,,,,141,5,10,,,77,49,,,,,,,6271.39,211.27,686.51,,,3421.15,1952.47,,,,,,,10000000,5800000,10750000,,,10880000,8800000,,,,,,,"112Y"
67000,臺南市,67000360,安平區,461,9,174,,,197,81,,,,,,,22797.19,299.44,14081.85,,,6000.37,2415.53,,,,,,,8300000,4600000,18800000,,,6750000,5200000,,,,,,,373,2,3,,,294,74,,,,,,,18442.54,100.97,197.71,,,15174.82,2969.04,,,,,,,9000000,10015000,9000000,,,9540000,7400000,,,,,,,"112Y"
67000,臺南市,67000370,中西區,634,64,224,,,104,242,,,,,,,21125.07,1682.66,10739.57,,,3866.57,4836.26,,,,,,,4600000,3940000,10250000,,,4840000,2210000,,,,,,,115,5,,,,74,36,,,,,,,7041.28,248.79,,,,4720.08,2072.40,,,,,,,11000000,8800000,,,,12850000,10250000,,,,,,,"112Y"
68000,桃園市,68000010,桃園區,2582,414,347,,,1326,495,,,,,,,99026.83,11288.53,21834.13,,,47550.37,18353.81,,,,,,,8240000,5100000,14900000,,,9300000,7100000,,,,,,,1884,16,43,,,1416,409,,,,,,,95843.84,639.76,3391.35,,,73757.83,18054.90,,,,,,,11800000,8245000,19680000,,,12380000,9880000,,,,,,,"112Y"
68000,桃園市,68000020,中壢區,2882,474,702,,,940,766,,,,,,,96913.12,12086.61,38180.59,,,28781.29,17864.62,,,,,,,6500000,4700000,11600000,,,8352000,4800000,,,,,,,1556,15,90,,,1108,343,,,,,,,75459.16,631.34,6754.99,,,53160.50,14912.34,,,,,,,11100000,7800000,19400000,,,11625000,8500000,,,,,,,"112Y"
68000,桃園市,68000030,大溪區,436,56,285,,,16,78,,,,,,1,19582.08,1603.63,14886.70,,,710.26,2369.41,,,,,,12.08,5633333,3150000,7000000,,,10040000,4000000,,,,,,16000000,133,7,14,,,59,53,,,,,,,6554.67,261.65,984.43,,,3211.41,2097.18,,,,,,,8200000,3800000,13175000,,,10000000,5850000,,,,,,,"112Y"
68000,桃園市,68000040,楊梅區,1240,185,589,,,172,294,,,,,,,55590.65,4762.14,38833.41,,,4792.40,7202.69,,,,,,,5800000,3040337,10200000,,,4875000,4150000,,,,,,,640,31,73,,,350,186,,,,,,,29633.87,1173.26,5053.54,,,15538.44,7868.63,,,,,,,7825000,4250000,12620000,,,8150000,6690000,,,,,,,"112Y"
68000,桃園市,68000050,蘆竹區,672,23,147,,,358,143,,,,,,1,30728.66,706.31,12245.10,,,12322.30,5447.37,,,,,,7.59,8290000,4450000,15100000,,,8310000,7150000,,,,,,4245000,602,4,24,,,443,131,,,,,,,33334.04,205.62,2172.62,,,24408.40,6547.40,,,,,,,12455000,7390000,20652500,,,12580000,11000000,,,,,,,"112Y"
68000,桃園市,68000060,大園區,435,31,160,,,126,118,,,,,,,18721.94,865.99,11134.06,,,3618.86,3103.02,,,,,,,9084806,4320000,14800000,,,8850000,7440000,,,,,,,232,3,24,,,94,111,,,,,,,12563.90,113.83,1848.41,,,5175.25,5426.40,,,,,,,12840000,6150000,14400000,,,15050000,10800000,,,,,,,"112Y"
68000,桃園市,68000070,龜山區,1419,398,137,,,627,257,,,,,,,54471.44,10899.43,15325.70,,,22948.39,5297.92,,,,,,,8750000,4700000,13500000,,,12300000,4880000,,,,,,,776,23,15,,,556,182,,,,,,,35813.39,1026.98,1347.85,,,25472.54,7966.02,,,,,,,12390000,10000000,21000000,,,12600000,11365000,,,,,,,"112Y"
68000,桃園市,68000080,八德區,959,177,343,,,300,139,,,,,,,37599.69,4732.13,17713.09,,,10495.31,4659.16,,,,,,,8080000,4900000,10080000,,,8700000,7500000,,,,,,,569,7,33,,,467,62,,,,,,,27908.88,372.23,2148.78,,,22708.79,2679.08,,,,,,,11550000,8860000,19850000,,,11750000,8700000,,,,,,,"112Y"
68000,桃園市,68000090,龍潭區,916,49,471,,,256,140,,,,,,,35726.82,1092.05,23870.76,,,7286.80,3477.21,,,,,,,6185000,3200000,8200000,,,4920000,4550000,,,,,,,274,15,57,,,125,77,,,,,,,14321.09,663.79,4388.66,,,5552.87,3715.77,,,,,,,8355000,6000000,12130000,,,8700000,5600000,,,,,,,"112Y"
68000,桃園市,68000100,平鎮區,1217,152,538,,,375,152,,,,,,,59729.77,4220.99,39225.05,,,12074.90,4208.82,,,,,,,7000000,4025000,9000000,,,7360000,5300000,,,,,,,545,8,39,,,400,98,,,,,,,26289.76,329.11,2903.00,,,18724.77,4332.87,,,,,,,9500000,4500000,15000000,,,9640000,8100000,,,,,,,"112Y"
68000,桃園市,68000110,新屋區,242,8,202,,,16,16,,,,,,,13458.64,283.63,12229.03,,,549.77,396.21,,,,,,,11000000,2200000,11840000,,,7425000,3575000,,,,,,,41,2,17,,,13,9,,,,,,,2090.96,92.73,1068.70,,,549.61,379.92,,,,,,,9000000,3950000,11100000,,,9000000,5300000,,,,,,,"112Y"
68000,桃園市,68000120,觀音區,685,39,310,,,33,303,,,,,,,36521.86,928.47,27617.95,,,1003.53,6971.91,,,,,,,5500000,3500000,10500000,,,7200000,4280000,,,,,,,171,3,48,,,20,100,,,,,,,8046.20,120.84,3648.17,,,802.78,3474.42,,,,,,,7100000,4800000,10925000,,,7000000,6105000,,,,,,,"112Y"
68000,桃園市,68000130,復興區,8,,8,,,,,,,,,,,274.46,,274.46,,,,,,,,,,,3675000,,3675000,,,,,,,,,,,,,,,,,,,,,,,,,,,,,,,,,,,,,,,,,,,,,,,,,,"112Y"
