TAG,COUNTY_ID,COUNTY,TOWN_ID,TOWN,FLD01,FLD02,FLD03,FLD04,FLD05,FLD06,FLD07,FLD08,INFO_TIME
標籤,縣市代碼,縣市名稱,鄉鎮市區代碼,鄉鎮市區名稱,納稅單位,綜合所得總額,平均數,中位數,第一分位數,第三分位數,標準差,變異係數,資料時間
,63000,臺北市,63000010,松山區,69695,108584598,1558,759,330,1679,30315.77,1945.82,"112Y"
,63000,臺北市,63000030,大安區,105348,173778441,1650,830,346,1886,3684.9,223.39,"112Y"
,63000,臺北市,63000050,中正區,52148,77527396,1487,781,335,1725,4640.01,312.11,"112Y"
,63000,臺北市,63000070,萬華區,54394,47401670,871,517,245,1043,1279.22,146.79,"112Y"
,63000,臺北市,63000060,大同區,41587,43393108,1043,586,270,1229,1638.27,157.01,"112Y"
,63000,臺北市,63000040,中山區,80657,107714386,1335,679,299,1478,3244.76,242.97,"112Y"
,63000,臺北市,63000080,文山區,90233,105954764,1174,662,298,1420,1851.46,157.67,"112Y"
,63000,臺北市,63000090,南港區,39994,45686087,1142,612,284,1300,2157.38,188.86,"112Y"
,63000,臺北市,63000100,內湖區,99431,130882338,1316,707,321,1536,2445.64,185.79,"112Y"
,63000,臺北市,63000110,士林區,91460,109870521,1201,620,284,1332,3354.04,279.2,"112Y"
,63000,臺北市,63000120,北投區,82115,92673688,1129,622,283,1323,1808.74,160.27,"112Y"
,63000,臺北市,63000020,信義區,73548,90053865,1224,641,293,1369,2849.72,232.74,"112Y"
X,63000,臺北市,63000999,其他,107,119624,1118,578,253,1146,1832.14,163.88,"112Y"
,66000,臺中市,66000010,中區,4203,3410624,811,457,204,959,1425.34,175.65,"112Y"
,66000,臺中市,66000020,東區,22760,17123971,752,471,218,947,959.54,127.54,"112Y"
,66000,臺中市,66000040,西區,36124,37926980,1050,570,253,1200,3670.61,349.61,"112Y"
,66000,臺中市,66000030,南區,41244,34864947,845,538,251,1077,1043.12,123.4,"112Y"
,66000,臺中市,66000050,北區,43486,38217364,879,504,228,1034,1376.58,156.64,"112Y"
,66000,臺中市,66000060,西屯區,76188,86203220,1131,606,273,1297,2035.86,179.93,"112Y"
,66000,臺中市,66000070,南屯區,59962,66912341,1116,634,285,1323,1970.9,176.62,"112Y"
,66000,臺中市,66000080,北屯區,95170,87530774,920,559,257,1120,1314.76,142.95,"112Y"
,66000,臺中市,66000090,豐原區,48506,35086153,723,445,213,867,976.88,135.05,"112Y"
,66000,臺中市,66000100,東勢區,11227,6808775,606,407,196,742,712.16,117.43,"112Y"
,66000,臺中市,66000110,大甲區,20678,14381993,696,438,220,822,1269.52,182.53,"112Y"
,66000,臺中市,66000120,清水區,25661,17857625,696,460,228,859,891.45,128.1,"112Y"
,66000,臺中市,66000130,沙鹿區,28548,23329569,817,523,257,1010,1037.5,126.96,"112Y"
,66000,臺中市,66000140,梧棲區,17898,12887810,720,485,239,901,873.56,121.32,"112Y"
,66000,臺中市,66000160,神岡區,18506,11901021,643,412,208,772,860.1,133.74,"112Y"
,66000,臺中市,66000150,后里區,14008,9000461,643,434,216,802,728.39,113.36,"112Y"
,66000,臺中市,66000180,大雅區,27708,20362543,735,456,226,872,1004.1,136.63,"112Y"
,66000,臺中市,66000170,潭子區,32572,22504420,691,450,216,841,870.82,126.04,"112Y"
,66000,臺中市,66000190,新社區,4602,2661659,578,394,190,702,713.33,123.33,"112Y"
,66000,臺中市,66000200,石岡區,3613,2171352,601,407,205,729,709.08,117.99,"112Y"
,66000,臺中市,66000210,外埔區,8181,5153431,630,433,220,786,716.51,113.75,"112Y"
,66000,臺中市,66000220,大安區,4477,2638454,589,390,201,710,730.25,123.91,"112Y"
,66000,臺中市,66000230,烏日區,23833,18583962,780,496,235,950,1207.57,154.86,"112Y"
,66000,臺中市,66000240,大肚區,15892,10196881,642,441,225,794,762.35,118.81,"112Y"
,66000,臺中市,66000250,龍井區,23172,16447020,710,462,230,881,923.88,130.16,"112Y"
,66000,臺中市,66000260,霧峰區,16655,10598524,636,414,203,769,825,129.64,"112Y"
,66000,臺中市,66000270,太平區,53072,35781905,674,439,214,836,855.63,126.91,"112Y"
,66000,臺中市,66000280,大里區,60219,41524677,690,445,211,851,890.97,129.21,"112Y"
,66000,臺中市,66000290,和平區,1771,996063,562,397,189,702,618.46,109.96,"112Y"
X,66000,臺中市,66000999,其他,27,17606,652,548,354,869,493.58,75.69,"112Y"
,09007,連江縣,09007010,南竿鄉,2844,2504556,881,663,388,1099,930.14,105.62,"112Y"
,09007,連江縣,09007020,北竿鄉,1109,838601,756,596,339,926,701.96,92.83,"112Y"
,09007,連江縣,09007030,莒光鄉,589,459100,779,633,340,996,695.39,89.21,"112Y"
,09007,連江縣,09007040,東引鄉,714,560906,786,654,472,961,597.77,76.09,"112Y"
,10017,基隆市,10017010,中正區,14961,9970188,666,446,227,835,857.93,128.74,"112Y"
,10017,基隆市,10017020,七堵區,16806,11378917,677,446,231,831,798.97,118,"112Y"
,10017,基隆市,10017030,暖暖區,12326,8559784,694,461,238,855,837.37,120.58,"112Y"
,10017,基隆市,10017040,仁愛區,11539,8469501,734,482,232,932,844.08,115,"112Y"
,10017,基隆市,10017050,中山區,13693,8804327,643,441,232,795,741.77,115.36,"112Y"
,10017,基隆市,10017060,安樂區,26313,20199733,768,498,248,949,1611.24,209.89,"112Y"
,10017,基隆市,10017070,信義區,17434,12780850,733,483,239,929,895.4,122.14,"112Y"
X,10017,基隆市,10017999,其他,3,1140,380,380,242,518,276.26,72.69,"112Y"
,67000,臺南市,67000320,東區,56145,58471846,1041,585,272,1216,1660.38,159.43,"112Y"
,67000,臺南市,67000330,南區,33565,24242677,722,459,229,872,954.11,132.1,"112Y"
,67000,臺南市,67000340,北區,38250,37225230,973,545,254,1137,1478.02,151.87,"112Y"
,67000,臺南市,67000350,安南區,53846,41945041,779,488,244,931,975.58,125.24,"112Y"
,67000,臺南市,67000360,安平區,21046,19637497,933,538,256,1085,1396.58,149.67,"112Y"
,67000,臺南市,67000370,中西區,22539,23197547,1029,561,254,1186,1646.27,159.95,"112Y"
,67000,臺南市,67000010,新營區,22699,18061044,796,529,263,999,960.44,120.71,"112Y"
,67000,臺南市,67000020,鹽水區,5969,3796358,636,446,235,768,805.71,126.68,"112Y"
,67000,臺南市,67000030,白河區,5118,3186796,623,434,220,767,877.78,140.97,"112Y"
,67000,臺南市,67000040,柳營區,5223,3490693,668,453,239,826,820.83,122.82,"112Y"
,67000,臺南市,67000050,後壁區,4982,3204671,643,462,238,822,684.98,106.49,"112Y"
,67000,臺南市,67000060,東山區,3586,2100425,586,420,219,737,643.7,109.9,"112Y"
,67000,臺南市,67000070,麻豆區,11859,9063929,764,497,254,915,951.15,124.45,"112Y"
,67000,臺南市,67000080,下營區,5275,3389952,643,451,236,818,683.48,106.35,"112Y"
,67000,臺南市,67000090,六甲區,5389,3521067,653,454,243,801,801.41,122.66,"112Y"
,67000,臺南市,67000100,官田區,5692,3718718,653,460,254,816,731.47,111.96,"112Y"
,67000,臺南市,67000110,大內區,1728,981212,568,407,224,693,661.54,116.5,"112Y"
,67000,臺南市,67000120,佳里區,15899,11503810,724,480,247,897,895.6,123.78,"112Y"
,67000,臺南市,67000140,西港區,6280,4226109,673,456,238,808,836.11,124.25,"112Y"
,67000,臺南市,67000150,七股區,3970,2300634,580,391,198,696,739.81,127.66,"112Y"
,67000,臺南市,67000160,將軍區,3531,1974844,559,408,218,682,610.81,109.21,"112Y"
,67000,臺南市,67000170,北門區,1782,1042882,585,422,221,718,617.57,105.53,"112Y"
,67000,臺南市,67000130,學甲區,6241,4011317,643,446,232,781,793.86,123.51,"112Y"
,67000,臺南市,67000180,新化區,11237,7883068,702,459,236,861,841.83,120,"112Y"
,67000,臺南市,67000190,善化區,15771,19505268,1237,672,326,1496,1807.03,146.11,"112Y"
,67000,臺南市,67000200,新市區,11510,10159455,883,544,278,1064,1084.48,122.86,"112Y"
,67000,臺南市,67000210,安定區,7629,5705796,748,487,251,905,888.97,118.86,"112Y"
,67000,臺南市,67000220,山上區,1747,1042093,597,414,234,731,673.43,112.9,"112Y"
,67000,臺南市,67000230,玉井區,2551,1573152,617,420,218,763,690.19,111.92,"112Y"
,67000,臺南市,67000240,楠西區,1405,771458,549,408,216,676,595.07,108.38,"112Y"
,67000,臺南市,67000250,南化區,1422,828371,583,415,231,725,614.47,105.48,"112Y"
,67000,臺南市,67000260,左鎮區,705,374211,531,380,186,652,545.35,102.74,"112Y"
,67000,臺南市,67000270,仁德區,22294,16907931,758,497,249,933,980.21,129.25,"112Y"
,67000,臺南市,67000280,歸仁區,19117,14002392,732,489,253,891,927.02,126.56,"112Y"
,67000,臺南市,67000290,關廟區,8445,5234001,620,432,227,752,737.61,119.01,"112Y"
,67000,臺南市,67000300,龍崎區,593,348341,587,380,218,672,753.09,128.2,"112Y"
,67000,臺南市,67000310,永康區,69060,58663045,849,520,259,1010,1487.92,175.16,"112Y"
X,67000,臺南市,67000999,其他,9,7920,880,727,340,853,920.51,104.61,"112Y"
,64000,高雄市,64000010,鹽埕區,6365,4968945,781,470,221,912,1175.4,150.56,"112Y"
,64000,高雄市,64000020,鼓山區,42590,45530161,1069,605,270,1251,2205.88,206.34,"112Y"
,64000,高雄市,64000030,左營區,61277,56833969,927,579,273,1133,1273.15,137.27,"112Y"
,64000,高雄市,64000040,楠梓區,59230,45978993,776,544,272,983,985.82,126.99,"112Y"
,64000,高雄市,64000050,三民區,99832,82747507,829,532,251,1034,1063.44,128.3,"112Y"
,64000,高雄市,64000060,新興區,15685,15612701,995,565,252,1157,1539.12,154.62,"112Y"
,64000,高雄市,64000070,前金區,9105,9166535,1007,575,253,1145,1790.52,177.85,"112Y"
,64000,高雄市,64000080,苓雅區,50193,45238852,901,546,250,1084,1308.68,145.2,"112Y"
,64000,高雄市,64000090,前鎮區,52172,41757060,800,508,244,985,1089.31,136.1,"112Y"
,64000,高雄市,64000100,旗津區,5626,3160000,562,403,201,706,638.12,113.61,"112Y"
,64000,高雄市,64000110,小港區,45228,32432202,717,503,250,932,768.74,107.2,"112Y"
,64000,高雄市,64000120,鳳山區,102096,76149014,746,506,245,953,864.47,115.9,"112Y"
,64000,高雄市,64000180,鳥松區,14051,14795344,1053,590,270,1191,1719.73,163.32,"112Y"
,64000,高雄市,64000170,仁武區,29264,22669340,775,526,256,981,931.95,120.31,"112Y"
,64000,高雄市,64000160,大社區,9249,6105700,660,457,228,819,783.72,118.72,"112Y"
,64000,高雄市,64000150,大樹區,9532,5610018,589,427,217,734,709.43,120.54,"112Y"
,64000,高雄市,64000140,大寮區,28827,17541536,609,430,220,768,812.08,133.45,"112Y"
,64000,高雄市,64000130,林園區,17456,10693793,613,457,227,809,602.24,98.31,"112Y"
,64000,高雄市,64000190,岡山區,28728,20160203,702,470,236,862,930.47,132.59,"112Y"
,64000,高雄市,64000260,茄萣區,6730,3843920,571,387,207,690,648.33,113.51,"112Y"
,64000,高雄市,64000270,永安區,3724,2228539,598,414,219,758,641.79,107.25,"112Y"
,64000,高雄市,64000200,橋頭區,13417,10219167,762,522,268,957,875.33,114.92,"112Y"
,64000,高雄市,64000290,梓官區,9076,5464179,602,436,226,766,637.75,105.93,"112Y"
,64000,高雄市,64000220,田寮區,1212,660062,545,380,203,670,603.33,110.78,"112Y"
,64000,高雄市,64000230,阿蓮區,6851,4349393,635,414,220,750,904.16,142.42,"112Y"
,64000,高雄市,64000240,路竹區,14072,9941457,706,463,245,838,976.86,138.27,"112Y"
,64000,高雄市,64000210,燕巢區,7144,4445376,622,431,223,760,816.88,131.28,"112Y"
,64000,高雄市,64000280,彌陀區,4350,2484833,571,401,207,697,682.94,119.56,"112Y"
,64000,高雄市,64000250,湖內區,8154,5107940,626,423,219,769,759.38,121.22,"112Y"
,64000,高雄市,64000300,旗山區,7085,4262311,602,423,219,757,675.82,112.34,"112Y"
,64000,高雄市,64000320,六龜區,1553,869767,560,401,201,676,762.22,136.1,"112Y"
,64000,高雄市,64000350,內門區,2110,1084089,514,376,190,642,565.63,110.09,"112Y"
,64000,高雄市,64000310,美濃區,7336,4498039,613,430,221,777,661.91,107.95,"112Y"
,64000,高雄市,64000340,杉林區,1579,804380,509,372,193,628,609,119.55,"112Y"
,64000,高雄市,64000330,甲仙區,825,442410,536,391,193,669,559.75,104.38,"112Y"
,64000,高雄市,64000360,茂林區,342,199126,582,465,221,735,727.28,124.91,"112Y"
,64000,高雄市,64000370,桃源區,594,326023,549,454,266,689,462.55,84.27,"112Y"
,64000,高雄市,64000380,那瑪夏區,439,254171,579,481,261,750,491.17,84.83,"112Y"
X,64000,高雄市,64000999,其他,14,23505,1679,632,511,836,3530.43,210.28,"112Y"
,65000,新北市,65000050,新莊區,136739,114647801,838,509,251,1020,1104.46,131.73,"112Y"
,65000,新北市,65000170,林口區,43956,54393196,1237,698,313,1531,1949.86,157.57,"112Y"
,65000,新北市,65000150,五股區,29235,20388520,697,456,228,855,991.82,142.22,"112Y"
,65000,新北市,65000140,蘆洲區,61396,47137083,768,476,239,930,1043.43,135.91,"112Y"
,65000,新北市,65000020,三重區,119561,95363189,798,489,241,970,1088.59,136.48,"112Y"
,65000,新北市,65000160,泰山區,24409,19658912,805,514,252,1025,977.6,121.38,"112Y"
,65000,新北市,65000060,新店區,104070,106220608,1021,566,265,1180,1746.31,171.1,"112Y"
,65000,新北市,65000190,石碇區,1760,1060045,602,387,211,729,730.65,121.31,"112Y"
,65000,新北市,65000180,深坑區,7547,5677160,752,463,236,875,1486.73,197.64,"112Y"
,65000,新北市,65000200,坪林區,1518,957247,631,412,219,708,995.33,157.84,"112Y"
,65000,新北市,65000290,烏來區,1390,917655,660,450,233,822,760.62,115.21,"112Y"
,65000,新北市,65000010,板橋區,175413,163401349,932,556,265,1126,1438.37,154.41,"112Y"
,65000,新北市,65000090,三峽區,33185,26255460,791,487,232,964,1056.86,133.58,"112Y"
,65000,新北市,65000080,鶯歌區,26953,18546694,688,451,230,844,932,135.44,"112Y"
,65000,新北市,65000070,樹林區,55750,42898819,769,468,233,923,1052.9,136.83,"112Y"
,65000,新北市,65000030,中和區,133455,116952597,876,537,257,1076,1202.41,137.21,"112Y"
,65000,新北市,65000130,土城區,75492,58159245,770,486,243,954,1104.96,143.43,"112Y"
,65000,新北市,65000120,瑞芳區,9821,5522230,562,395,200,710,634.43,112.83,"112Y"
,65000,新北市,65000240,平溪區,858,500759,584,384,206,660,794.75,136.17,"112Y"
,65000,新北市,65000250,雙溪區,1855,1127148,608,413,212,747,781.94,128.69,"112Y"
,65000,新北市,65000260,貢寮區,2304,1343139,583,389,205,708,751.51,128.91,"112Y"
,65000,新北市,65000270,金山區,5196,3084835,594,394,201,720,812.77,136.9,"112Y"
,65000,新北市,65000280,萬里區,4860,2789799,574,391,210,695,700.84,122.09,"112Y"
,65000,新北市,65000100,淡水區,65805,56855780,864,530,245,1071,1316.43,152.36,"112Y"
,65000,新北市,65000110,汐止區,74270,65705745,885,534,260,1074,1269.73,143.52,"112Y"
,65000,新北市,65000210,三芝區,5948,3325353,559,369,188,692,776.92,138.97,"112Y"
,65000,新北市,65000220,石門區,2709,1554042,574,373,194,695,780.13,135.99,"112Y"
,65000,新北市,65000230,八里區,12554,8619762,687,440,221,825,885.19,128.92,"112Y"
,65000,新北市,65000040,永和區,71384,72181520,1011,597,276,1226,2151.11,212.73,"112Y"
X,65000,新北市,65000999,其他,30,31905,1063,595,255,1217,1366.24,128.47,"112Y"
,10002,宜蘭縣,10002010,宜蘭市,27393,20612746,752,497,243,944,910.57,121.01,"112Y"
,10002,宜蘭縣,10002040,頭城鎮,6392,4005699,627,414,206,760,866.95,138.34,"112Y"
,10002,宜蘭縣,10002050,礁溪鄉,9413,6352467,675,446,223,837,813.36,120.52,"112Y"
,10002,宜蘭縣,10002060,壯圍鄉,6240,3935365,631,440,221,774,736.23,116.74,"112Y"
,10002,宜蘭縣,10002070,員山鄉,8383,5551717,662,437,220,796,1097.29,165.69,"112Y"
,10002,宜蘭縣,10002020,羅東鎮,19580,14473423,739,487,241,909,890.92,120.53,"112Y"
,10002,宜蘭縣,10002090,五結鄉,12143,8106121,668,456,230,833,773.19,115.82,"112Y"
,10002,宜蘭縣,10002080,冬山鄉,15207,10277744,676,462,235,836,828.39,122.57,"112Y"
,10002,宜蘭縣,10002030,蘇澳鎮,9270,5669969,612,444,232,760,705.45,115.34,"112Y"
,10002,宜蘭縣,10002100,三星鄉,5332,3602316,676,432,218,801,988.74,146.35,"112Y"
,10002,宜蘭縣,10002110,大同鄉,794,429845,541,399,186,682,693.47,128.1,"112Y"
,10002,宜蘭縣,10002120,南澳鄉,1045,502315,481,403,211,642,411.98,85.71,"112Y"
,68000,桃園市,68000010,桃園區,152393,149715147,982,588,278,1188,1677.73,170.77,"112Y"
,68000,桃園市,68000030,大溪區,25787,18130836,703,461,232,853,899.95,128,"112Y"
,68000,桃園市,68000020,中壢區,135509,121608688,897,565,279,1098,1985.1,221.2,"112Y"
,68000,桃園市,68000040,楊梅區,56714,43512601,767,502,262,927,1124.25,146.53,"112Y"
,68000,桃園市,68000050,蘆竹區,55109,52911465,960,599,288,1172,1281.59,133.48,"112Y"
,68000,桃園市,68000060,大園區,26714,21127036,791,521,265,953,983.04,124.3,"112Y"
,68000,桃園市,68000070,龜山區,58562,50016764,854,557,272,1068,1029.67,120.56,"112Y"
,68000,桃園市,68000080,八德區,63626,48533712,763,498,252,937,1052.39,137.96,"112Y"
,68000,桃園市,68000090,龍潭區,37116,30145139,812,515,263,978,1482.83,182.57,"112Y"
,68000,桃園市,68000100,平鎮區,69234,54801606,792,515,261,974,982.94,124.18,"112Y"
,68000,桃園市,68000110,新屋區,14197,9147343,644,452,242,793,733.91,113.91,"112Y"
,68000,桃園市,68000120,觀音區,22350,14150666,633,464,249,791,681.05,107.57,"112Y"
,68000,桃園市,68000130,復興區,2045,1073742,525,399,196,690,502.34,95.67,"112Y"
X,68000,桃園市,68000999,其他,12,8700,725,732,351,923,493.4,68.06,"112Y"
,10020,嘉義市,10020010,東區,33793,28136041,833,523,246,1024,1070.24,128.54,"112Y"
,10020,嘉義市,10020020,西區,38984,29810896,765,499,239,967,920.66,120.4,"112Y"
X,10020,嘉義市,10020999,其他,7,4001,572,302,259,963,490.3,85.78,"112Y"
,10004,新竹縣,10004020,竹東鎮,30809,33389018,1084,596,287,1291,1593.15,147,"112Y"
,10004,新竹縣,10004040,關西鎮,7302,5108965,700,464,246,847,900.65,128.73,"112Y"
,10004,新竹縣,10004030,新埔鎮,10537,9899352,939,548,277,1066,1820.43,193.77,"112Y"
,10004,新竹縣,10004010,竹北市,71621,147553609,2060,1087,428,2615,3194.49,155.06,"112Y"
,10004,新竹縣,10004050,湖口鄉,26515,19990893,754,520,277,933,866.93,114.99,"112Y"
,10004,新竹縣,10004080,橫山鄉,3269,2176826,666,445,233,815,818.35,122.89,"112Y"
,10004,新竹縣,10004060,新豐鄉,18615,15445924,830,548,287,1029,1010.93,121.83,"112Y"
,10004,新竹縣,10004070,芎林鄉,6419,6615391,1031,576,289,1211,1583.33,153.63,"112Y"
,10004,新竹縣,10004100,寶山鄉,4896,7375388,1506,650,300,1553,3724.67,247.25,"112Y"
,10004,新竹縣,10004090,北埔鄉,2308,1580883,685,458,235,857,803.11,117.25,"112Y"
,10004,新竹縣,10004110,峨眉鄉,1296,913179,705,467,246,841,872.59,123.84,"112Y"
,10004,新竹縣,10004120,尖石鄉,1223,654469,535,392,219,673,592.97,110.81,"112Y"
,10004,新竹縣,10004130,五峰鄉,645,313687,486,376,202,579,487.44,100.23,"112Y"
X,10004,新竹縣,10004999,其他,5,4933,987,698,452,1148,915.78,92.83,"112Y"
,10005,苗栗縣,10005010,苗栗市,26558,20537589,773,528,257,1012,972.66,125.78,"112Y"
,10005,苗栗縣,10005020,苑裡鎮,11967,7427661,621,407,208,753,781.55,125.92,"112Y"
,10005,苗栗縣,10005030,通霄鎮,8037,4755042,592,407,199,732,693.22,117.17,"112Y"
,10005,苗栗縣,10005090,公館鄉,9078,6179648,681,474,245,872,772.26,113.45,"112Y"
,10005,苗栗縣,10005100,銅鑼鄉,4612,2881188,625,459,240,797,652.85,104.5,"112Y"
,10005,苗栗縣,10005130,三義鄉,3969,2429542,612,431,223,754,714.57,116.74,"112Y"
,10005,苗栗縣,10005140,西湖鄉,1647,1029539,625,434,237,784,666.08,106.56,"112Y"
,10005,苗栗縣,10005120,頭屋鄉,2779,1825022,657,460,234,828,786.75,119.8,"112Y"
,10005,苗栗縣,10005040,竹南鎮,28403,27317180,962,595,289,1174,1222,127.06,"112Y"
,10005,苗栗縣,10005050,頭份市,33692,30863511,916,565,284,1113,1166.13,127.3,"112Y"
,10005,苗栗縣,10005150,造橋鄉,3361,2147087,639,444,232,798,697,109.11,"112Y"
,10005,苗栗縣,10005060,後龍鎮,8753,6011439,687,464,238,849,788.74,114.85,"112Y"
,10005,苗栗縣,10005160,三灣鄉,1509,1133722,751,432,223,783,5123.15,681.9,"112Y"
,10005,苗栗縣,10005110,南庄鄉,1785,1095325,614,398,207,713,840.36,136.95,"112Y"
,10005,苗栗縣,10005080,大湖鄉,2608,1551594,595,421,213,743,762.9,128.23,"112Y"
,10005,苗栗縣,10005070,卓蘭鎮,3021,1821973,603,423,218,756,664.24,110.14,"112Y"
,10005,苗栗縣,10005170,獅潭鄉,826,518863,628,406,229,748,952.54,151.64,"112Y"
,10005,苗栗縣,10005180,泰安鄉,814,463603,570,419,213,691,752.76,132.17,"112Y"
X,10005,苗栗縣,10005999,其他,2,2051,1025,1025,540,1510,1371.98,133.82,"112Y"
,10008,南投縣,10008010,南投市,27632,19274128,698,456,228,852,1015.03,145.52,"112Y"
,10008,南投縣,10008020,埔里鎮,16067,9676820,602,403,194,753,725.41,120.44,"112Y"
,10008,南投縣,10008030,草屯鎮,25936,17829863,687,456,224,851,879.68,127.96,"112Y"
,10008,南投縣,10008040,竹山鎮,11157,6744709,605,427,208,763,693.91,114.79,"112Y"
,10008,南投縣,10008050,集集鎮,2180,1398127,641,437,228,780,780.82,121.75,"112Y"
,10008,南投縣,10008060,名間鄉,7795,4492652,576,408,205,706,664.41,115.28,"112Y"
,10008,南投縣,10008070,鹿谷鄉,3270,2067989,632,425,215,769,851.92,134.71,"112Y"
,10008,南投縣,10008080,中寮鄉,2628,1415689,539,367,192,658,640.3,118.86,"112Y"
,10008,南投縣,10008090,魚池鄉,2715,1560147,575,383,201,686,703.88,122.49,"112Y"
,10008,南投縣,10008100,國姓鄉,2912,1552521,533,380,193,665,616.31,115.6,"112Y"
,10008,南投縣,10008110,水里鄉,3146,1795487,571,406,192,719,643.73,112.79,"112Y"
,10008,南投縣,10008120,信義鄉,2101,1106261,527,425,223,666,475.76,90.36,"112Y"
,10008,南投縣,10008130,仁愛鄉,2124,1114516,525,405,207,655,559.52,106.63,"112Y"
X,10008,南投縣,10008999,其他,4,1904,476,329,117,688,538,113.03,"112Y"
,10007,彰化縣,10007010,彰化市,66841,51957791,777,477,226,950,1144.71,147.26,"112Y"
,10007,彰化縣,10007020,鹿港鎮,22812,15535785,681,422,208,797,966.96,141.98,"112Y"
,10007,彰化縣,10007030,和美鎮,25754,17314090,672,431,214,809,859.97,127.92,"112Y"
,10007,彰化縣,10007190,北斗鎮,8062,5565939,690,448,219,839,1463.2,211.94,"112Y"
,10007,彰化縣,10007100,員林市,34402,25959426,755,476,230,922,1062.61,140.82,"112Y"
,10007,彰化縣,10007110,溪湖鎮,13313,8754386,658,440,212,820,789.12,120,"112Y"
,10007,彰化縣,10007120,田中鎮,9666,6005510,621,438,217,774,705.96,113.63,"112Y"
,10007,彰化縣,10007200,二林鎮,10158,6463755,636,438,216,783,866.76,136.21,"112Y"
,10007,彰化縣,10007040,線西鄉,4313,2671197,619,424,206,761,819.89,132.38,"112Y"
,10007,彰化縣,10007050,伸港鄉,10319,6252248,606,409,208,744,722.78,119.29,"112Y"
,10007,彰化縣,10007060,福興鄉,11730,7335379,625,394,199,727,910.29,145.56,"112Y"
,10007,彰化縣,10007070,秀水鄉,10622,7039006,663,426,212,796,834.12,125.87,"112Y"
,10007,彰化縣,10007080,花壇鄉,12167,8095772,665,422,209,781,1234.65,185.55,"112Y"
,10007,彰化縣,10007090,芬園鄉,5199,3037260,584,393,198,704,733.47,125.55,"112Y"
,10007,彰化縣,10007130,大村鄉,10357,6482450,626,419,206,750,1047.81,167.41,"112Y"
,10007,彰化縣,10007140,埔鹽鄉,7546,4606343,610,403,196,742,752.16,123.22,"112Y"
,10007,彰化縣,10007150,埔心鄉,8715,5384274,618,414,203,759,743.76,120.39,"112Y"
,10007,彰化縣,10007160,永靖鄉,8520,5129787,602,402,194,730,782,129.88,"112Y"
,10007,彰化縣,10007170,社頭鄉,10251,6280005,613,420,211,750,793.46,129.52,"112Y"
,10007,彰化縣,10007180,二水鄉,3105,1883550,607,423,221,758,727.34,119.9,"112Y"
,10007,彰化縣,10007210,田尾鄉,5847,3552629,608,405,197,738,774.09,127.4,"112Y"
,10007,彰化縣,10007220,埤頭鄉,6499,4155078,639,429,207,779,802.54,125.53,"112Y"
,10007,彰化縣,10007230,芳苑鄉,5341,3039358,569,384,199,686,735.17,129.19,"112Y"
,10007,彰化縣,10007240,大城鄉,2447,1419356,580,391,205,714,681.48,117.49,"112Y"
,10007,彰化縣,10007250,竹塘鄉,2588,1588962,614,424,210,781,674.27,109.82,"112Y"
,10007,彰化縣,10007260,溪州鄉,5634,3411507,606,410,202,728,805.14,132.97,"112Y"
X,10007,彰化縣,10007999,其他,10,9342,934,569,390,700,1328.08,142.16,"112Y"
,10018,新竹市,10018010,東區,71867,141804678,1973,936,373,2440,3652.2,185.09,"112Y"
,10018,新竹市,10018020,北區,49335,55977569,1135,613,281,1313,1851.72,163.2,"112Y"
,10018,新竹市,10018030,香山區,25252,25421932,1007,576,276,1183,1426.5,141.7,"112Y"
X,10018,新竹市,10018999,其他,3,6100,2033,621,366,2994,2898.86,142.57,"112Y"
,10009,雲林縣,10009010,斗六市,30576,23147726,757,496,252,928,957.04,126.42,"112Y"
,10009,雲林縣,10009020,斗南鎮,11201,7584712,677,461,229,854,772.22,114.04,"112Y"
,10009,雲林縣,10009030,虎尾鎮,18024,14151864,785,536,256,1040,841.13,107.13,"112Y"
,10009,雲林縣,10009040,西螺鎮,8910,5950434,668,460,221,859,721.98,108.11,"112Y"
,10009,雲林縣,10009050,土庫鎮,5751,3897742,678,459,234,850,795.74,117.41,"112Y"
,10009,雲林縣,10009060,北港鎮,8702,6095993,701,477,231,897,816.92,116.62,"112Y"
,10009,雲林縣,10009070,古坑鄉,6579,3906199,594,420,215,754,665.22,112.04,"112Y"
,10009,雲林縣,10009080,大埤鄉,3765,2281413,606,407,210,732,790.96,130.53,"112Y"
,10009,雲林縣,10009090,莿桐鄉,6093,3689285,605,429,219,755,698.91,115.43,"112Y"
,10009,雲林縣,10009100,林內鄉,3853,2142011,556,402,210,683,611.6,110.01,"112Y"
,10009,雲林縣,10009110,二崙鄉,4309,2774064,644,443,207,845,750.45,116.57,"112Y"
,10009,雲林縣,10009120,崙背鄉,4173,2862050,686,473,227,877,774.57,112.94,"112Y"
,10009,雲林縣,10009130,麥寮鄉,11279,8362435,741,537,246,991,830.75,112.05,"112Y"
,10009,雲林縣,10009140,東勢鄉,2467,1615310,655,482,228,874,772.88,118.04,"112Y"
,10009,雲林縣,10009150,褒忠鄉,2398,1562738,652,464,223,825,737.79,113.21,"112Y"
,10009,雲林縣,10009160,臺西鄉,4095,2726002,666,490,222,878,700.72,105.26,"112Y"
,10009,雲林縣,10009170,元長鄉,4103,2597516,633,441,216,785,730.55,115.4,"112Y"
,10009,雲林縣,10009180,四湖鄉,3657,2342523,641,458,232,853,664.61,103.75,"112Y"
,10009,雲林縣,10009190,口湖鄉,4173,2541104,609,428,216,767,685.16,112.52,"112Y"
,10009,雲林縣,10009200,水林鄉,3804,2335480,614,423,206,761,725.74,118.21,"112Y"
X,10009,雲林縣,10009999,其他,7,2688,384,264,124,567,385.57,100.39,"112Y"
,10010,嘉義縣,10010020,朴子市,9670,7261047,751,512,251,957,886.69,118.09,"112Y"
,10010,嘉義縣,10010030,布袋鎮,4711,2931485,622,453,227,787,683.89,109.9,"112Y"
,10010,嘉義縣,10010040,大林鎮,6857,4648501,678,461,229,840,789.49,116.46,"112Y"
,10010,嘉義縣,10010050,民雄鄉,18011,11987166,666,459,227,833,755.63,113.53,"112Y"
,10010,嘉義縣,10010060,溪口鄉,2650,1547769,584,400,203,718,710.25,121.61,"112Y"
,10010,嘉義縣,10010070,新港鄉,6410,4223161,659,463,225,848,715.56,108.61,"112Y"
,10010,嘉義縣,10010080,六腳鄉,3989,2507396,629,430,206,790,786.03,125.05,"112Y"
,10010,嘉義縣,10010090,東石鄉,3457,1964962,568,407,208,705,625.5,110.05,"112Y"
,10010,嘉義縣,10010100,義竹鄉,3333,2204851,662,455,224,821,766.5,115.87,"112Y"
,10010,嘉義縣,10010110,鹿草鄉,2727,1672246,613,435,229,770,702.38,114.54,"112Y"
,10010,嘉義縣,10010010,太保市,9888,7221946,730,513,253,956,815.28,111.62,"112Y"
,10010,嘉義縣,10010120,水上鄉,11242,6872599,611,438,217,776,670.56,109.69,"112Y"
,10010,嘉義縣,10010130,中埔鄉,8676,5322468,613,435,214,786,684.1,111.51,"112Y"
,10010,嘉義縣,10010140,竹崎鄉,6054,3549690,586,413,203,723,708.22,120.79,"112Y"
,10010,嘉義縣,10010150,梅山鄉,3076,1896672,617,428,207,747,725.88,117.72,"112Y"
,10010,嘉義縣,10010160,番路鄉,1888,1092580,579,418,202,743,633.07,109.4,"112Y"
,10010,嘉義縣,10010170,大埔鄉,832,508452,611,422,216,751,681.42,111.5,"112Y"
,10010,嘉義縣,10010180,阿里山鄉,660,389398,590,399,204,671,896.21,151.9,"112Y"
X,10010,嘉義縣,10010999,其他,4,3083,771,486,363,894,705.83,91.57,"112Y"
,10013,屏東縣,10013010,屏東市,52434,36581846,698,484,236,880,804.76,115.35,"112Y"
,10013,屏東縣,10013020,潮州鎮,13095,8515414,650,466,230,839,708.64,108.97,"112Y"
,10013,屏東縣,10013030,東港鎮,9681,6107622,631,439,214,795,747.17,118.43,"112Y"
,10013,屏東縣,10013040,恆春鎮,5568,3255935,585,384,193,699,724.34,123.87,"112Y"
,10013,屏東縣,10013050,萬丹鄉,10972,7149143,652,462,236,804,802.8,123.21,"112Y"
,10013,屏東縣,10013060,長治鄉,7141,4567902,640,455,226,817,696.2,108.84,"112Y"
,10013,屏東縣,10013070,麟洛鄉,2832,1910038,674,472,233,851,796.65,118.12,"112Y"
,10013,屏東縣,10013080,九如鄉,4520,2713846,600,437,218,742,670.55,111.68,"112Y"
,10013,屏東縣,10013090,里港鄉,5188,3268984,630,449,227,786,784.11,124.44,"112Y"
,10013,屏東縣,10013100,鹽埔鄉,4443,2522131,568,419,209,711,608.21,107.14,"112Y"
,10013,屏東縣,10013110,高樹鄉,3524,1954866,555,391,200,669,776.17,139.92,"112Y"
,10013,屏東縣,10013120,萬巒鄉,3626,2134391,589,428,214,721,672.61,114.27,"112Y"
,10013,屏東縣,10013130,內埔鄉,11812,7092601,600,437,226,754,663.38,110.48,"112Y"
,10013,屏東縣,10013140,竹田鄉,3460,2052426,593,427,209,766,651.3,109.8,"112Y"
,10013,屏東縣,10013150,新埤鄉,1567,834294,532,386,195,698,558.83,104.96,"112Y"
,10013,屏東縣,10013160,枋寮鄉,4041,2291469,567,417,213,714,612.14,107.95,"112Y"
,10013,屏東縣,10013170,新園鄉,6891,4005487,581,425,219,740,610.91,105.1,"112Y"
,10013,屏東縣,10013180,崁頂鄉,2821,1609790,571,428,214,726,623.05,109.18,"112Y"
,10013,屏東縣,10013190,林邊鄉,3163,1897203,600,439,222,770,666.97,111.2,"112Y"
,10013,屏東縣,10013200,南州鄉,2110,1341887,636,462,238,788,812.41,127.74,"112Y"
,10013,屏東縣,10013210,佳冬鄉,3243,1905182,587,414,216,710,1295.35,220.5,"112Y"
,10013,屏東縣,10013220,琉球鄉,1978,1170562,592,399,177,778,659.41,111.43,"112Y"
,10013,屏東縣,10013230,車城鄉,1354,686548,507,360,175,630,623.03,122.87,"112Y"
,10013,屏東縣,10013240,滿州鄉,1177,587114,499,366,191,612,584.8,117.24,"112Y"
,10013,屏東縣,10013250,枋山鄉,711,380805,536,391,207,634,581.05,108.49,"112Y"
,10013,屏東縣,10013260,三地門鄉,1119,556258,497,416,232,641,446.51,89.82,"112Y"
,10013,屏東縣,10013270,霧臺鄉,576,290746,505,420,224,660,430.43,85.27,"112Y"
,10013,屏東縣,10013280,瑪家鄉,1083,608246,562,456,249,716,545.17,97.07,"112Y"
,10013,屏東縣,10013290,泰武鄉,791,412729,522,436,232,687,479.44,91.88,"112Y"
,10013,屏東縣,10013300,來義鄉,1165,626732,538,420,198,701,699.84,130.09,"112Y"
,10013,屏東縣,10013310,春日鄉,700,360620,515,430,225,672,481.66,93.49,"112Y"
,10013,屏東縣,10013320,獅子鄉,739,374431,507,442,226,660,425.85,84.05,"112Y"
,10013,屏東縣,10013330,牡丹鄉,826,435790,528,418,223,692,505.78,95.87,"112Y"
X,10013,屏東縣,10013999,其他,4,3595,899,1101,685,1315,608,67.65,"112Y"
,10015,花蓮縣,10015010,花蓮市,28200,20468557,726,478,231,906,964.76,132.92,"112Y"
,10015,花蓮縣,10015070,光復鄉,2187,1179069,539,395,196,664,607.3,112.65,"112Y"
,10015,花蓮縣,10015030,玉里鎮,4382,2637575,602,411,210,754,727.83,120.92,"112Y"
,10015,花蓮縣,10015040,新城鄉,5420,3292407,607,449,231,779,656.31,108.04,"112Y"
,10015,花蓮縣,10015050,吉安鄉,23550,15598297,662,460,227,854,740.84,111.85,"112Y"
,10015,花蓮縣,10015060,壽豐鄉,3654,2137640,585,404,205,695,732.81,125.26,"112Y"
,10015,花蓮縣,10015020,鳳林鎮,2224,1259663,566,417,213,713,573.9,101.33,"112Y"
,10015,花蓮縣,10015080,豐濱鄉,633,290138,458,369,192,569,466.36,101.75,"112Y"
,10015,花蓮縣,10015090,瑞穗鄉,1905,1073163,563,391,201,671,764.24,135.66,"112Y"
,10015,花蓮縣,10015100,富里鄉,1595,830848,521,372,191,659,565.48,108.56,"112Y"
,10015,花蓮縣,10015110,秀林鄉,3451,1683221,488,389,195,612,518.43,106.29,"112Y"
,10015,花蓮縣,10015120,萬榮鄉,1222,558083,457,375,208,584,407.3,89.18,"112Y"
,10015,花蓮縣,10015130,卓溪鄉,1029,481943,468,395,215,610,389.55,83.17,"112Y"
,10014,臺東縣,10014010,臺東市,25432,17128088,673,469,232,868,732.02,108.69,"112Y"
,10014,臺東縣,10014020,成功鎮,2153,1185446,551,382,202,663,805.18,146.24,"112Y"
,10014,臺東縣,10014030,關山鎮,1613,966101,599,420,214,747,693.23,115.74,"112Y"
,10014,臺東縣,10014040,卑南鄉,3020,1624433,538,387,191,662,723.48,134.5,"112Y"
,10014,臺東縣,10014100,大武鄉,932,468714,503,394,205,633,466.08,92.68,"112Y"
,10014,臺東縣,10014090,太麻里鄉,1713,910387,531,391,206,638,599.28,112.76,"112Y"
,10014,臺東縣,10014070,東河鄉,1199,669222,558,391,184,688,908.05,162.69,"112Y"
,10014,臺東縣,10014080,長濱鄉,993,530032,534,367,188,649,887.13,166.2,"112Y"
,10014,臺東縣,10014050,鹿野鄉,1213,700879,578,391,213,673,779.32,134.88,"112Y"
,10014,臺東縣,10014060,池上鄉,1361,801022,589,387,200,713,698.98,118.76,"112Y"
,10014,臺東縣,10014110,綠島鄉,1084,682370,629,485,207,836,611.51,97.14,"112Y"
,10014,臺東縣,10014130,延平鄉,660,339520,514,431,259,657,423.75,82.37,"112Y"
,10014,臺東縣,10014120,海端鄉,725,364348,503,423,234,674,386.01,76.81,"112Y"
,10014,臺東縣,10014150,達仁鄉,558,297826,534,440,245,696,416.93,78.12,"112Y"
,10014,臺東縣,10014140,金峰鄉,674,351287,521,415,227,672,670.6,128.66,"112Y"
,10014,臺東縣,10014160,蘭嶼鄉,946,528785,559,434,199,737,567.01,101.44,"112Y"
X,10014,臺東縣,10014999,其他,2,699,350,350,211,488,392.36,112.26,"112Y"
,09020,金門縣,09020010,金城鎮,14135,11785437,834,578,285,1066,906.48,108.72,"112Y"
,09020,金門縣,09020040,金寧鄉,11277,8838361,784,552,272,981,935.69,119.39,"112Y"
,09020,金門縣,09020030,金湖鎮,10619,8786244,827,594,309,1008,1009.2,121.97,"112Y"
,09020,金門縣,09020020,金沙鎮,6702,5277307,787,546,279,993,881.41,111.94,"112Y"
,09020,金門縣,09020050,烈嶼鄉,4151,3161917,762,545,282,913,908.06,119.21,"112Y"
,09020,金門縣,09020060,烏坵鄉,220,182672,830,658,287,1060,784.73,94.51,"112Y"
X,09020,金門縣,09020999,其他,1,1188,1188,1188,1188,1188,0,0,"112Y"
,10016,澎湖縣,10016010,馬公市,18967,14694485,775,587,294,987,796.19,102.77,"112Y"
,10016,澎湖縣,10016020,湖西鄉,4565,3055481,669,542,295,823,622.87,93.06,"112Y"
,10016,澎湖縣,10016030,白沙鄉,2219,1435983,647,522,247,822,651.01,100.6,"112Y"
,10016,澎湖縣,10016040,西嶼鄉,1619,1127261,696,533,254,879,716.38,102.89,"112Y"
,10016,澎湖縣,10016050,望安鄉,1283,888409,692,538,264,917,725.67,104.8,"112Y"
,10016,澎湖縣,10016060,七美鄉,884,643884,728,565,272,972,737.05,101.19,"112Y"
X,10016,澎湖縣,10016999,其他,3,1434,478,473,357,597,240.38,50.28,"112Y"
