COUNTY_ID,COUNTY,TOWN_ID,TOWN,C_CNT,C1_A_CNT,C1_B_CNT,C1_C_CNT,C1_D_CNT,C1_E_CNT,C1_F_CNT,C1_G_CNT,C1_H_CNT,C1_I_CNT,C1_J_CNT,C1_K_CNT,C1_L_CNT,C1_M_CNT,C1_N_CNT,C1_O_CNT,C1_P_CNT,C1_Q_CNT,C1_R_CNT,C1_S_CNT,INFO_TIME
縣市代碼,縣市名稱,鄉鎮市區代碼,鄉鎮市區名稱,工商業總家數,農、林、漁、牧業,礦業及土石採取業,製造業,電力及燃氣供應業,用水供應及污染整治業,營造業,批發及零售業,運輸及倉儲業,住宿及餐飲業,資訊及通訊傳播業,金融及保險業,不動產業,專業、科學及技術服務業,支援服務業,公共行政及國防；強制性社會安全,教育服務業,醫療保健及社會工作服務業,藝術、娛樂及休閒服務業,其他服務業,資料時間
"65000","新北市","65000010","板橋區",34250,50,11,2225,18,170,3973,15314,1729,3012,707,955,934,1600,678,0,138,67,862,1807,"112Y12M"
"65000","新北市","65000020","三重區",29210,29,4,3811,23,115,2649,14125,481,2094,466,759,751,1137,597,0,102,32,724,1311,"112Y12M"
"65000","新北市","65000030","中和區",28508,69,5,3276,18,92,3030,13220,516,2151,658,821,665,1401,569,0,65,25,762,1165,"112Y12M"
"65000","新北市","65000040","永和區",12250,16,3,435,8,32,1100,5708,165,1327,314,581,392,749,267,0,55,12,387,699,"112Y12M"
"65000","新北市","65000050","新莊區",29131,38,2,5191,22,122,2991,12177,590,2259,394,777,914,990,572,0,104,31,728,1229,"112Y12M"
"65000","新北市","65000060","新店區",17832,24,2,1169,16,61,1885,7981,357,1629,602,722,546,1000,407,0,115,21,510,785,"112Y12M"
"65000","新北市","65000070","樹林區",13537,12,5,3963,8,81,1238,5157,384,766,142,253,259,309,162,0,16,14,313,455,"112Y12M"
"65000","新北市","65000080","鶯歌區",5681,12,7,866,5,31,738,2724,126,379,49,85,109,120,91,0,10,3,122,204,"112Y12M"
"65000","新北市","65000090","三峽區",6219,16,7,529,3,28,755,2936,170,652,59,115,128,164,119,1,28,11,179,319,"112Y12M"
"65000","新北市","65000100","淡水區",10679,26,1,579,13,40,1177,4529,236,1408,236,248,345,524,284,0,71,15,390,557,"112Y12M"
"65000","新北市","65000110","汐止區",15941,37,4,1615,25,75,1774,7350,385,1149,439,557,324,794,331,0,38,21,370,653,"112Y12M"
"65000","新北市","65000120","瑞芳區",2184,2,3,116,2,8,311,996,77,379,15,25,13,34,41,0,3,2,68,89,"112Y12M"
"65000","新北市","65000130","土城區",13765,23,7,1849,10,62,1975,5734,691,984,184,310,288,448,234,0,19,16,389,542,"112Y12M"
"65000","新北市","65000140","蘆洲區",11451,7,4,1374,2,58,1403,5124,215,1081,139,225,344,319,194,0,33,12,303,614,"112Y12M"
"65000","新北市","65000150","五股區",7361,11,2,1705,4,60,768,3007,160,338,79,248,300,213,102,0,17,3,122,222,"112Y12M"
"65000","新北市","65000160","泰山區",4709,4,1,713,3,28,552,2138,103,353,48,77,77,154,93,0,13,9,149,194,"112Y12M"
"65000","新北市","65000170","林口區",7963,14,2,621,13,37,712,3528,210,749,168,311,415,432,133,0,59,11,198,350,"112Y12M"
"65000","新北市","65000180","深坑區",1577,4,0,125,1,6,217,747,41,165,40,36,24,62,20,0,2,1,38,48,"112Y12M"
"65000","新北市","65000190","石碇區",203,2,0,19,0,2,26,95,1,42,3,3,0,4,0,0,1,0,1,4,"112Y12M"
"65000","新北市","65000200","坪林區",224,2,0,14,0,0,7,134,2,48,0,2,1,1,5,0,0,0,3,5,"112Y12M"
"65000","新北市","65000210","三芝區",1189,4,1,118,1,5,227,463,25,152,14,11,16,36,12,0,4,0,32,68,"112Y12M"
"65000","新北市","65000220","石門區",261,8,0,10,2,5,46,91,9,53,1,2,6,3,7,0,1,0,9,8,"112Y12M"
"65000","新北市","65000230","八里區",2639,7,3,346,3,31,357,1131,136,172,32,44,58,62,83,1,13,2,67,91,"112Y12M"
"65000","新北市","65000240","平溪區",228,1,1,4,0,3,15,121,4,60,1,2,2,4,1,0,0,0,2,7,"112Y12M"
"65000","新北市","65000250","雙溪區",257,2,0,17,1,1,33,121,0,48,4,2,0,5,5,0,0,0,8,10,"112Y12M"
"65000","新北市","65000260","貢寮區",374,4,0,10,0,1,61,126,15,83,4,5,3,4,28,0,0,0,17,13,"112Y12M"
"65000","新北市","65000270","金山區",998,3,1,47,0,3,204,392,24,166,7,4,16,16,22,0,3,0,34,56,"112Y12M"
"65000","新北市","65000280","萬里區",711,7,1,32,4,2,113,298,17,121,9,7,5,27,20,0,1,0,24,23,"112Y12M"
"65000","新北市","65000290","烏來區",219,0,0,4,1,0,8,79,2,93,1,1,1,1,0,0,0,1,9,18,"112Y12M"
"63000","臺北市","63000010","松山區",24202,47,2,746,81,49,1292,10442,896,1882,1283,2048,1119,2295,491,1,112,31,606,779,"112Y12M"
"63000","臺北市","63000020","信義區",24648,35,6,616,44,80,1368,10243,519,1911,1648,2042,1111,2938,520,0,140,29,547,851,"112Y12M"
"63000","臺北市","63000030","大安區",38800,70,3,1001,101,60,1838,16073,614,3717,2167,3365,1882,4284,622,0,383,69,908,1643,"112Y12M"
"63000","臺北市","63000040","中山區",44250,98,15,1511,68,80,2159,18883,1268,3624,2007,3958,1974,3787,1824,0,237,43,984,1730,"112Y12M"
"63000","臺北市","63000050","中正區",21777,41,11,552,19,28,987,9672,605,2156,1227,1745,829,1949,456,2,196,41,521,740,"112Y12M"
"63000","臺北市","63000060","大同區",17459,28,3,711,18,32,745,9480,220,1484,602,1053,602,1064,298,0,58,34,372,655,"112Y12M"
"63000","臺北市","63000070","萬華區",15637,11,3,423,3,51,586,9446,215,1838,311,341,335,547,221,0,34,13,549,710,"112Y12M"
"63000","臺北市","63000080","文山區",9417,10,6,147,8,41,773,4432,191,1280,324,299,258,550,188,0,75,17,281,537,"112Y12M"
"63000","臺北市","63000090","南港區",7222,15,1,460,2,26,476,3250,214,721,320,420,168,429,127,0,33,5,182,373,"112Y12M"
"63000","臺北市","63000100","內湖區",21192,55,7,1216,50,45,1219,9629,467,1601,1233,1634,756,1558,380,0,115,26,472,729,"112Y12M"
"63000","臺北市","63000110","士林區",14657,16,5,659,21,37,689,7342,286,1836,438,585,462,683,198,0,123,29,463,785,"112Y12M"
"63000","臺北市","63000120","北投區",9780,29,2,290,2,39,649,4732,293,1416,234,284,208,401,169,0,41,17,311,663,"112Y12M"
"68000","桃園市","68000010","桃園區",32383,80,18,1935,17,171,3408,14810,920,2816,431,1233,1445,1490,899,0,159,41,802,1708,"112Y12M"
"68000","桃園市","68000020","中壢區",28683,70,2,1594,22,155,2684,12575,656,3760,367,653,1035,1014,811,0,136,19,979,2151,"112Y12M"
"68000","桃園市","68000030","大溪區",5363,42,7,469,5,35,810,2464,128,561,34,57,84,111,134,0,10,1,131,280,"112Y12M"
"68000","桃園市","68000040","楊梅區",9530,72,3,1089,7,67,1140,3927,229,1049,78,195,237,201,265,0,26,16,293,636,"112Y12M"
"68000","桃園市","68000050","蘆竹區",11271,42,7,1917,7,108,976,4809,337,890,100,358,372,338,227,0,35,11,275,462,"112Y12M"
"68000","桃園市","68000060","大園區",5034,39,5,513,2,62,564,2156,281,449,47,109,223,99,124,0,7,6,159,189,"112Y12M"
"68000","桃園市","68000070","龜山區",11317,26,4,1748,5,52,1088,4751,329,1177,118,253,373,287,245,0,44,11,315,491,"112Y12M"
"68000","桃園市","68000080","八德區",10924,44,9,1350,6,80,1448,5053,197,851,103,163,259,283,229,0,29,7,258,555,"112Y12M"
"68000","桃園市","68000090","龍潭區",6764,39,9,762,5,42,826,2972,90,798,62,117,142,151,141,2,19,4,189,394,"112Y12M"
"68000","桃園市","68000100","平鎮區",12149,39,3,898,13,88,1663,5543,309,1060,131,216,318,360,326,0,34,8,356,784,"112Y12M"
"68000","桃園市","68000110","新屋區",2597,92,10,442,4,29,252,1015,50,269,22,26,36,29,55,0,3,3,71,189,"112Y12M"
"68000","桃園市","68000120","觀音區",3754,45,4,523,7,70,501,1486,125,358,15,52,117,55,104,0,6,0,135,151,"112Y12M"
"68000","桃園市","68000130","復興區",506,8,0,4,0,0,26,182,3,232,5,2,2,6,8,0,1,0,18,9,"112Y12M"
"66000","臺中市","66000010","中區",3181,5,0,81,6,4,105,1554,49,575,53,92,85,118,86,0,20,3,179,166,"112Y12M"
"66000","臺中市","66000020","東區",7271,14,1,1009,1,23,491,3656,128,638,75,108,154,195,146,0,19,14,168,431,"112Y12M"
"66000","臺中市","66000030","南區",9815,17,6,671,11,26,882,4679,184,1046,170,232,323,527,224,0,32,11,182,592,"112Y12M"
"66000","臺中市","66000040","西區",15592,23,4,327,15,35,1064,6964,257,2002,448,733,741,1188,480,0,99,14,302,896,"112Y12M"
"66000","臺中市","66000050","北區",14807,14,3,372,41,44,1198,6831,213,1771,305,444,656,871,432,0,90,24,396,1102,"112Y12M"
"66000","臺中市","66000060","西屯區",25130,44,9,1441,55,81,2119,10998,467,2505,590,1199,1396,1587,669,0,142,26,589,1213,"112Y12M"
"66000","臺中市","66000070","南屯區",16577,18,7,896,35,46,1565,7808,281,1489,313,660,809,1000,372,0,95,25,332,826,"112Y12M"
"66000","臺中市","66000080","北屯區",20262,33,7,745,26,83,2343,9463,418,1975,325,549,886,1031,491,0,84,34,504,1265,"112Y12M"
"66000","臺中市","66000090","豐原區",13029,27,4,2845,12,50,793,5363,194,1409,73,197,297,322,196,0,52,24,283,888,"112Y12M"
"66000","臺中市","66000100","東勢區",2437,21,2,163,2,15,320,1144,42,305,13,18,42,54,41,0,4,2,74,175,"112Y12M"
"66000","臺中市","66000110","大甲區",5346,27,1,1059,3,21,570,2143,111,503,25,76,123,107,65,0,11,3,137,361,"112Y12M"
"66000","臺中市","66000120","清水區",5146,24,4,787,5,33,713,2203,137,406,27,81,114,96,85,0,16,7,112,296,"112Y12M"
"66000","臺中市","66000130","沙鹿區",6571,21,4,566,11,28,691,2957,133,788,36,177,239,187,107,1,29,3,174,419,"112Y12M"
"66000","臺中市","66000140","梧棲區",4355,8,2,639,7,31,534,1620,400,319,22,91,131,94,97,0,5,7,107,241,"112Y12M"
"66000","臺中市","66000150","后里區",3515,39,3,763,3,38,342,1262,61,494,17,30,51,50,51,0,7,5,72,227,"112Y12M"
"66000","臺中市","66000160","神岡區",6119,23,4,2557,7,29,425,1879,80,434,15,66,80,76,67,0,5,6,91,275,"112Y12M"
"66000","臺中市","66000170","潭子區",7657,26,0,1560,3,37,787,3053,121,743,41,90,142,177,150,0,13,9,209,496,"112Y12M"
"66000","臺中市","66000180","大雅區",7607,37,2,1633,12,36,717,3051,128,734,44,139,191,145,109,0,12,9,170,438,"112Y12M"
"66000","臺中市","66000190","新社區",977,26,0,96,2,17,113,437,12,158,3,4,12,17,12,0,3,0,32,33,"112Y12M"
"66000","臺中市","66000200","石岡區",640,4,2,118,2,3,83,270,9,58,2,4,10,13,13,0,1,1,7,40,"112Y12M"
"66000","臺中市","66000210","外埔區",1561,38,2,419,2,14,245,570,18,79,6,18,30,19,22,0,1,1,18,59,"112Y12M"
"66000","臺中市","66000220","大安區",917,4,0,323,0,11,178,289,13,27,3,6,6,5,10,0,0,0,11,31,"112Y12M"
"66000","臺中市","66000230","烏日區",6464,42,8,1346,13,43,652,2780,136,424,52,119,160,173,124,0,17,10,112,253,"112Y12M"
"66000","臺中市","66000240","大肚區",3393,10,1,716,8,14,469,1430,79,213,12,50,44,62,59,0,3,3,54,166,"112Y12M"
"66000","臺中市","66000250","龍井區",4894,13,2,871,5,44,599,1899,116,506,32,62,118,118,97,0,11,2,124,275,"112Y12M"
"66000","臺中市","66000260","霧峰區",4568,44,4,833,8,35,566,1812,67,499,25,53,112,94,92,0,10,7,79,228,"112Y12M"
"66000","臺中市","66000270","太平區",13680,18,4,3347,5,69,1654,5221,160,1076,84,146,296,294,264,1,30,11,329,671,"112Y12M"
"66000","臺中市","66000280","大里區",15860,31,4,2801,13,102,1785,6793,250,1300,169,253,370,431,288,0,35,21,334,880,"112Y12M"
"66000","臺中市","66000290","和平區",436,8,1,3,1,0,19,180,7,176,2,2,0,2,7,0,6,0,10,12,"112Y12M"
"67000","臺南市","67000010","新營區",5218,26,0,326,23,32,497,2268,93,768,36,117,146,120,105,0,25,12,159,465,"112Y12M"
"67000","臺南市","67000020","鹽水區",1238,15,1,78,15,9,155,576,20,173,3,11,19,20,19,0,1,1,41,81,"112Y12M"
"67000","臺南市","67000030","白河區",1269,21,1,51,1,8,117,582,14,255,4,10,12,23,28,0,4,0,33,105,"112Y12M"
"67000","臺南市","67000040","柳營區",870,26,2,93,7,11,118,359,10,98,2,7,10,16,28,0,4,1,24,54,"112Y12M"
"67000","臺南市","67000050","後壁區",819,56,0,73,3,9,126,362,15,67,3,4,2,11,17,0,0,0,16,55,"112Y12M"
"67000","臺南市","67000060","東山區",593,12,0,32,2,1,85,309,6,67,0,5,4,9,4,0,1,0,15,41,"112Y12M"
"67000","臺南市","67000070","麻豆區",2518,20,4,191,4,18,215,1175,64,306,12,34,76,41,54,0,9,2,96,197,"112Y12M"
"67000","臺南市","67000080","下營區",907,22,0,64,8,9,117,436,15,103,1,3,7,15,14,0,3,2,32,56,"112Y12M"
"67000","臺南市","67000090","六甲區",954,18,0,33,3,4,90,468,11,157,3,8,10,24,16,0,0,2,28,79,"112Y12M"
"67000","臺南市","67000100","官田區",1063,19,0,147,3,8,136,433,29,106,3,28,10,19,21,0,1,3,29,68,"112Y12M"
"67000","臺南市","67000110","大內區",271,2,1,20,0,2,38,114,4,37,1,2,3,1,11,0,1,3,11,20,"112Y12M"
"67000","臺南市","67000120","佳里區",3430,20,2,257,8,20,306,1633,49,416,13,51,64,61,71,0,13,13,119,314,"112Y12M"
"67000","臺南市","67000130","學甲區",1200,14,3,122,8,12,99,588,21,103,5,12,17,21,20,0,3,5,40,107,"112Y12M"
"67000","臺南市","67000140","西港區",1206,13,0,193,3,14,179,520,18,88,7,9,21,19,15,0,0,3,27,77,"112Y12M"
"67000","臺南市","67000150","七股區",615,8,1,69,0,9,112,242,4,61,3,9,4,9,14,0,1,1,32,36,"112Y12M"
"67000","臺南市","67000160","將軍區",549,6,0,49,4,4,73,300,12,36,3,3,1,4,5,0,1,0,15,33,"112Y12M"
"67000","臺南市","67000170","北門區",236,7,0,12,0,0,19,133,1,29,1,3,1,2,4,0,0,1,12,11,"112Y12M"
"67000","臺南市","67000180","新化區",2439,13,0,238,6,11,346,1099,29,285,16,32,56,39,45,0,3,3,66,152,"112Y12M"
"67000","臺南市","67000190","善化區",3015,32,3,228,3,9,340,1140,83,541,16,42,108,58,59,0,16,7,108,222,"112Y12M"
"67000","臺南市","67000200","新市區",2993,11,1,373,7,30,302,1187,58,486,20,43,87,51,48,0,16,3,102,168,"112Y12M"
"67000","臺南市","67000210","安定區",1811,16,0,450,1,10,237,662,34,154,1,21,37,23,38,0,4,0,41,82,"112Y12M"
"67000","臺南市","67000220","山上區",306,2,0,52,2,3,36,128,1,29,1,16,2,3,6,0,0,0,15,10,"112Y12M"
"67000","臺南市","67000230","玉井區",771,10,0,27,0,2,82,382,5,138,1,10,4,9,7,0,1,1,28,64,"112Y12M"
"67000","臺南市","67000240","楠西區",307,6,0,8,2,5,26,171,0,45,0,3,2,1,11,0,0,0,6,21,"112Y12M"
"67000","臺南市","67000250","南化區",191,6,0,8,1,2,40,98,1,14,0,2,0,2,3,0,0,0,1,13,"112Y12M"
"67000","臺南市","67000260","左鎮區",97,1,0,4,0,2,21,40,2,13,1,3,1,1,0,0,0,0,0,8,"112Y12M"
"67000","臺南市","67000270","仁德區",6326,15,1,1296,21,44,600,2602,104,570,38,127,165,120,112,0,14,9,141,347,"112Y12M"
"67000","臺南市","67000280","歸仁區",3905,22,4,502,11,35,425,1710,43,426,20,66,114,84,93,1,11,6,108,224,"112Y12M"
"67000","臺南市","67000290","關廟區",1646,12,0,252,5,16,191,767,14,139,7,19,14,24,27,0,6,1,58,94,"112Y12M"
"67000","臺南市","67000300","龍崎區",73,1,0,8,0,3,10,28,0,9,3,2,0,2,0,0,0,0,5,2,"112Y12M"
"67000","臺南市","67000310","永康區",18990,37,5,3088,56,96,1714,7752,252,2047,149,410,611,551,410,0,84,41,452,1235,"112Y12M"
"67000","臺南市","67000320","東區",14348,21,0,475,19,47,937,6339,209,2353,192,473,561,590,358,0,143,27,357,1247,"112Y12M"
"67000","臺南市","67000330","南區",8909,17,1,757,15,62,739,4108,88,1127,60,165,190,306,168,0,25,12,214,855,"112Y12M"
"67000","臺南市","67000340","北區",10435,14,1,590,29,53,754,4621,143,1550,106,334,410,358,199,0,47,26,280,920,"112Y12M"
"67000","臺南市","67000350","安南區",13468,31,7,2210,27,83,1458,6077,161,1220,79,160,279,331,227,0,43,17,276,782,"112Y12M"
"67000","臺南市","67000360","安平區",5840,12,4,196,10,23,556,2486,75,878,65,209,316,330,136,0,22,10,122,390,"112Y12M"
"67000","臺南市","67000370","中西區",11165,15,2,369,15,22,420,5061,113,2551,110,381,328,397,178,0,60,16,298,829,"112Y12M"
"64000","高雄市","64000010","鹽埕區",2984,54,1,66,3,10,127,1614,104,450,38,110,70,82,38,0,7,1,63,146,"112Y12M"
"64000","高雄市","64000020","鼓山區",8846,75,3,271,17,31,758,4081,238,1037,123,339,401,385,179,0,54,20,209,625,"112Y12M"
"64000","高雄市","64000030","左營區",14015,22,4,421,14,70,1309,6410,363,1853,174,435,553,534,327,0,79,32,363,1052,"112Y12M"
"64000","高雄市","64000040","楠梓區",9874,79,4,348,9,53,1083,4308,354,1542,64,150,221,260,218,0,38,28,309,806,"112Y12M"
"64000","高雄市","64000050","三民區",26209,93,3,898,35,119,2436,13494,557,2919,330,553,583,928,581,0,129,63,610,1878,"112Y12M"
"64000","高雄市","64000060","新興區",8116,38,4,183,10,27,480,3727,148,1162,160,399,307,409,207,0,63,5,222,565,"112Y12M"
"64000","高雄市","64000070","前金區",3753,38,2,83,10,14,203,1450,179,565,47,225,154,190,173,0,36,5,102,277,"112Y12M"
"64000","高雄市","64000080","苓雅區",15961,74,7,413,42,67,1388,7102,798,1903,275,656,566,698,464,0,62,24,384,1038,"112Y12M"
"64000","高雄市","64000090","前鎮區",14524,483,8,759,14,94,1481,6438,891,1356,202,414,282,495,378,0,54,16,323,836,"112Y12M"
"64000","高雄市","64000100","旗津區",1202,195,0,77,1,6,92,550,25,140,2,5,6,12,16,0,1,1,34,39,"112Y12M"
"64000","高雄市","64000110","小港區",7731,224,9,482,5,94,1139,3075,505,862,47,95,104,129,192,0,19,18,235,497,"112Y12M"
"64000","高雄市","64000120","鳳山區",21387,36,11,922,26,170,2701,9909,527,2762,151,280,347,540,453,0,98,42,634,1778,"112Y12M"
"64000","高雄市","64000130","林園區",3025,14,1,207,4,30,554,1344,58,335,10,29,30,44,64,0,4,2,88,207,"112Y12M"
"64000","高雄市","64000140","大寮區",7883,17,8,958,13,156,1204,3540,156,732,24,59,78,115,128,0,18,7,202,468,"112Y12M"
"64000","高雄市","64000150","大樹區",2226,21,4,250,1,17,297,1051,39,244,11,29,30,34,32,0,3,1,52,110,"112Y12M"
"64000","高雄市","64000160","大社區",2568,5,2,232,5,30,294,1136,71,355,12,22,48,37,49,0,5,3,80,182,"112Y12M"
"64000","高雄市","64000170","仁武區",8228,16,10,766,9,71,1225,3930,251,647,42,79,152,170,161,0,18,11,168,502,"112Y12M"
"64000","高雄市","64000180","鳥松區",2887,8,0,264,4,35,352,1442,73,225,25,80,50,73,45,0,6,2,47,156,"112Y12M"
"64000","高雄市","64000190","岡山區",7530,27,4,1152,8,58,577,3258,151,929,40,178,149,126,135,0,18,5,187,528,"112Y12M"
"64000","高雄市","64000200","橋頭區",2016,10,1,138,8,13,228,916,45,233,11,37,46,54,46,0,9,6,56,159,"112Y12M"
"64000","高雄市","64000210","燕巢區",2077,13,2,416,3,18,215,852,46,271,5,20,21,22,32,0,2,4,38,97,"112Y12M"
"64000","高雄市","64000220","田寮區",164,5,2,21,0,2,12,63,1,42,0,1,1,2,3,0,0,0,2,7,"112Y12M"
"64000","高雄市","64000230","阿蓮區",1612,16,0,247,3,13,178,746,33,181,6,15,9,19,14,0,1,4,41,86,"112Y12M"
"64000","高雄市","64000240","路竹區",3252,14,1,595,5,30,257,1337,139,345,11,58,64,56,67,0,8,9,74,182,"112Y12M"
"64000","高雄市","64000250","湖內區",1793,10,1,323,6,17,184,794,40,148,7,32,32,24,37,0,4,3,39,92,"112Y12M"
"64000","高雄市","64000260","茄萣區",1021,9,0,99,1,11,109,494,16,109,4,5,18,14,14,0,2,3,33,80,"112Y12M"
"64000","高雄市","64000270","永安區",507,4,0,87,5,3,42,225,6,60,1,11,7,8,12,0,1,1,3,31,"112Y12M"
"64000","高雄市","64000280","彌陀區",854,4,1,75,1,7,111,464,10,79,2,6,3,6,22,0,0,0,20,43,"112Y12M"
"64000","高雄市","64000290","梓官區",1959,5,2,189,6,16,251,1019,23,174,6,6,11,30,28,0,4,4,47,138,"112Y12M"
"64000","高雄市","64000300","旗山區",2335,41,17,79,2,18,251,1137,37,341,9,25,20,31,33,0,4,7,99,184,"112Y12M"
"64000","高雄市","64000310","美濃區",1373,36,9,61,2,9,122,702,12,195,5,17,12,10,21,0,3,5,47,105,"112Y12M"
"64000","高雄市","64000320","六龜區",551,9,2,18,1,2,56,268,4,125,1,3,6,3,10,0,0,0,9,34,"112Y12M"
"64000","高雄市","64000330","甲仙區",273,2,1,4,0,0,39,150,5,42,2,3,2,2,0,0,0,0,4,17,"112Y12M"
"64000","高雄市","64000340","杉林區",257,10,1,7,0,3,39,131,1,26,1,2,0,1,1,0,1,2,8,23,"112Y12M"
"64000","高雄市","64000350","內門區",453,29,3,15,0,2,66,225,2,71,0,2,1,3,13,0,0,0,7,14,"112Y12M"
"64000","高雄市","64000360","茂林區",83,3,0,4,0,0,19,28,3,21,0,1,0,0,0,0,1,0,2,1,"112Y12M"
"64000","高雄市","64000370","桃源區",165,0,1,5,0,9,8,71,5,55,0,1,0,0,2,0,0,0,5,3,"112Y12M"
"64000","高雄市","64000380","那瑪夏區",90,1,0,2,0,0,3,36,0,41,0,1,0,1,2,0,0,0,2,1,"112Y12M"
"10002","宜蘭縣","10002010","宜蘭市",7467,44,7,384,3,22,804,3278,210,1040,68,84,303,240,174,0,32,16,227,531,"112Y12M"
"10002","宜蘭縣","10002020","羅東鎮",6045,24,15,200,7,9,524,2561,134,1091,56,88,283,186,130,0,24,10,199,504,"112Y12M"
"10002","宜蘭縣","10002030","蘇澳鎮",2670,215,16,284,1,18,229,1065,104,332,12,15,45,46,57,0,5,4,77,145,"112Y12M"
"10002","宜蘭縣","10002040","頭城鎮",1867,217,0,115,0,7,217,751,40,257,15,12,23,31,32,0,5,1,59,85,"112Y12M"
"10002","宜蘭縣","10002050","礁溪鄉",2530,43,2,126,12,11,358,857,62,582,18,26,72,38,64,0,1,2,86,170,"112Y12M"
"10002","宜蘭縣","10002060","壯圍鄉",1157,32,1,73,1,7,301,437,35,112,6,6,20,22,26,0,2,3,19,54,"112Y12M"
"10002","宜蘭縣","10002070","員山鄉",1658,34,6,131,0,6,380,634,37,188,7,7,26,38,36,0,3,1,37,87,"112Y12M"
"10002","宜蘭縣","10002080","冬山鄉",3463,55,14,409,7,28,591,1252,73,433,20,21,96,79,67,0,12,12,92,202,"112Y12M"
"10002","宜蘭縣","10002090","五結鄉",2834,37,5,310,4,19,479,1010,57,365,21,33,139,76,60,0,9,5,57,148,"112Y12M"
"10002","宜蘭縣","10002100","三星鄉",1072,40,5,61,3,5,203,406,12,182,9,1,27,23,19,0,3,1,22,50,"112Y12M"
"10002","宜蘭縣","10002110","大同鄉",246,8,0,3,1,0,18,96,4,98,1,1,0,1,4,0,0,0,7,4,"112Y12M"
"10002","宜蘭縣","10002120","南澳鄉",174,4,1,2,0,1,13,65,4,49,2,0,0,2,7,0,0,0,17,7,"112Y12M"
"10004","新竹縣","10004010","竹北市",15876,51,16,1183,52,56,1539,6289,260,1778,277,873,896,791,308,0,151,30,336,990,"112Y12M"
"10004","新竹縣","10004020","竹東鎮",4776,23,11,328,5,29,615,1991,71,588,60,110,107,137,106,0,26,3,159,407,"112Y12M"
"10004","新竹縣","10004030","新埔鎮",1597,34,0,191,2,11,223,668,23,157,12,27,30,31,32,0,5,1,56,94,"112Y12M"
"10004","新竹縣","10004040","關西鎮",1094,20,1,78,1,13,150,462,16,153,9,9,19,27,23,0,3,3,42,65,"112Y12M"
"10004","新竹縣","10004050","湖口鄉",5268,47,6,663,28,35,664,2029,110,652,35,77,169,90,76,0,16,4,216,351,"112Y12M"
"10004","新竹縣","10004060","新豐鄉",3118,39,1,369,5,23,405,1201,42,391,18,70,113,54,49,0,17,4,105,212,"112Y12M"
"10004","新竹縣","10004070","芎林鄉",1018,14,4,91,1,6,171,391,14,95,17,20,38,26,26,0,5,2,20,77,"112Y12M"
"10004","新竹縣","10004080","橫山鄉",562,2,3,49,0,2,71,227,10,96,2,5,10,4,9,0,2,0,37,33,"112Y12M"
"10004","新竹縣","10004090","北埔鄉",443,8,3,32,0,1,46,196,7,93,4,5,5,1,11,0,5,1,11,14,"112Y12M"
"10004","新竹縣","10004100","寶山鄉",791,5,1,129,2,10,158,235,10,61,14,29,23,32,23,0,4,0,21,34,"112Y12M"
"10004","新竹縣","10004110","峨眉鄉",208,4,3,26,0,1,24,79,4,41,1,2,0,1,8,0,4,1,6,3,"112Y12M"
"10004","新竹縣","10004120","尖石鄉",429,9,0,1,0,0,8,158,1,225,0,1,0,1,6,0,0,0,10,9,"112Y12M"
"10004","新竹縣","10004130","五峰鄉",256,1,0,1,0,0,4,69,0,164,0,1,1,1,2,0,1,0,9,2,"112Y12M"
"10005","苗栗縣","10005010","苗栗市",5378,15,6,233,13,46,673,2259,110,728,48,53,167,158,132,0,22,3,235,477,"112Y12M"
"10005","苗栗縣","10005020","苑裡鎮",2609,38,1,433,2,22,350,1108,52,213,6,20,49,36,35,0,1,1,70,172,"112Y12M"
"10005","苗栗縣","10005030","通霄鎮",1337,27,2,182,6,15,169,596,28,124,7,5,10,20,24,0,3,0,32,87,"112Y12M"
"10005","苗栗縣","10005040","竹南鎮",5819,25,10,697,20,26,798,2204,88,718,50,113,213,124,93,0,31,4,222,383,"112Y12M"
"10005","苗栗縣","10005050","頭份市",6484,25,9,479,11,57,897,2636,136,780,29,83,227,138,139,0,26,10,251,551,"112Y12M"
"10005","苗栗縣","10005060","後龍鎮",1719,26,4,132,4,24,305,747,34,144,4,15,48,27,25,0,5,1,63,111,"112Y12M"
"10005","苗栗縣","10005070","卓蘭鎮",530,6,4,18,2,3,56,268,7,84,6,2,9,7,7,0,2,0,12,37,"112Y12M"
"10005","苗栗縣","10005080","大湖鄉",595,14,0,17,1,3,34,309,10,133,2,1,5,5,7,0,0,0,15,39,"112Y12M"
"10005","苗栗縣","10005090","公館鄉",1488,21,5,107,2,15,234,621,29,190,6,12,29,20,31,0,6,1,50,109,"112Y12M"
"10005","苗栗縣","10005100","銅鑼鄉",913,17,6,140,7,14,80,392,15,119,6,2,8,12,16,0,0,0,29,50,"112Y12M"
"10005","苗栗縣","10005110","南庄鄉",615,11,2,19,0,0,49,208,12,258,3,1,2,3,3,0,2,2,18,22,"112Y12M"
"10005","苗栗縣","10005120","頭屋鄉",450,12,1,37,3,4,76,181,4,54,4,2,4,6,15,0,1,0,11,35,"112Y12M"
"10005","苗栗縣","10005130","三義鄉",1102,7,4,87,1,5,76,615,21,174,6,1,7,16,13,0,6,0,30,33,"112Y12M"
"10005","苗栗縣","10005140","西湖鄉",180,11,2,15,0,2,31,85,2,14,3,1,0,4,3,0,0,0,1,6,"112Y12M"
"10005","苗栗縣","10005150","造橋鄉",551,10,1,70,2,5,117,221,10,37,3,3,9,8,12,0,1,2,13,27,"112Y12M"
"10005","苗栗縣","10005160","三灣鄉",317,13,5,24,1,4,44,133,5,51,2,2,1,3,5,0,0,0,8,16,"112Y12M"
"10005","苗栗縣","10005170","獅潭鄉",118,1,0,3,0,0,12,62,2,29,1,1,0,1,0,0,1,0,1,4,"112Y12M"
"10005","苗栗縣","10005180","泰安鄉",280,2,0,3,0,0,5,73,5,179,0,1,0,0,5,0,1,0,5,1,"112Y12M"
"10007","彰化縣","10007010","彰化市",16557,53,6,2809,38,73,1060,7074,295,1804,111,419,479,393,317,1,63,18,445,1099,"112Y12M"
"10007","彰化縣","10007020","鹿港鎮",6356,33,0,1866,18,41,399,2377,95,631,21,116,142,77,69,0,9,5,161,296,"112Y12M"
"10007","彰化縣","10007030","和美鎮",6755,18,0,2103,14,28,531,2632,74,421,22,111,143,75,71,0,10,7,122,373,"112Y12M"
"10007","彰化縣","10007040","線西鄉",1118,5,1,455,10,8,119,345,22,45,4,16,15,4,15,0,0,0,18,36,"112Y12M"
"10007","彰化縣","10007050","伸港鄉",2172,19,1,639,4,16,237,789,34,149,9,33,29,29,28,0,9,3,41,103,"112Y12M"
"10007","彰化縣","10007060","福興鄉",3004,35,0,998,6,30,262,1121,49,133,3,72,48,29,24,0,5,0,50,139,"112Y12M"
"10007","彰化縣","10007070","秀水鄉",2919,25,1,976,5,29,273,1089,30,149,7,40,60,26,26,0,5,0,46,132,"112Y12M"
"10007","彰化縣","10007080","花壇鄉",2991,16,1,792,7,28,283,1156,49,188,19,43,52,62,30,0,5,4,75,181,"112Y12M"
"10007","彰化縣","10007090","芬園鄉",1072,28,1,232,1,4,134,453,12,66,5,6,14,14,17,0,2,1,28,54,"112Y12M"
"10007","彰化縣","10007100","員林市",8782,50,2,938,18,28,622,3942,172,1020,55,228,265,215,148,0,54,9,282,734,"112Y12M"
"10007","彰化縣","10007110","溪湖鎮",3440,44,1,597,19,16,307,1526,42,298,16,47,76,48,45,0,12,5,103,238,"112Y12M"
"10007","彰化縣","10007120","田中鎮",1989,31,2,273,8,8,191,902,34,194,13,25,39,26,28,0,9,1,75,130,"112Y12M"
"10007","彰化縣","10007130","大村鄉",2243,19,0,484,7,14,263,881,24,155,7,28,47,37,53,0,4,2,65,153,"112Y12M"
"10007","彰化縣","10007140","埔鹽鄉",1896,32,0,690,8,19,199,702,32,46,3,15,20,20,19,0,1,0,16,74,"112Y12M"
"10007","彰化縣","10007150","埔心鄉",2289,22,0,588,5,10,195,907,31,124,7,22,43,51,30,0,4,3,53,194,"112Y12M"
"10007","彰化縣","10007160","永靖鄉",1865,71,0,338,3,2,183,807,20,128,10,22,26,30,33,0,6,0,49,137,"112Y12M"
"10007","彰化縣","10007170","社頭鄉",2258,21,1,650,4,16,224,863,25,138,4,20,24,33,35,0,9,1,40,150,"112Y12M"
"10007","彰化縣","10007180","二水鄉",511,17,0,68,1,3,50,249,5,34,5,2,4,11,8,0,0,0,13,41,"112Y12M"
"10007","彰化縣","10007190","北斗鎮",2412,53,0,287,8,17,167,1026,23,378,5,21,36,42,34,0,4,2,92,217,"112Y12M"
"10007","彰化縣","10007200","二林鎮",2683,127,0,225,43,20,311,1174,44,275,3,24,49,42,36,0,5,2,71,232,"112Y12M"
"10007","彰化縣","10007210","田尾鄉",1265,107,0,167,7,5,149,533,11,86,6,9,12,19,43,0,0,0,30,81,"112Y12M"
"10007","彰化縣","10007220","埤頭鄉",1726,72,0,300,26,12,225,713,30,105,4,22,17,20,31,0,1,0,30,118,"112Y12M"
"10007","彰化縣","10007230","芳苑鄉",1397,86,2,228,42,17,161,595,17,77,4,18,15,12,20,0,1,0,23,79,"112Y12M"
"10007","彰化縣","10007240","大城鄉",534,57,0,50,26,12,87,213,3,37,0,3,3,3,6,0,0,1,4,29,"112Y12M"
"10007","彰化縣","10007250","竹塘鄉",529,38,1,64,18,3,82,209,12,38,1,2,5,3,7,0,0,0,6,40,"112Y12M"
"10007","彰化縣","10007260","溪州鄉",1152,58,2,163,11,9,153,494,17,78,5,11,16,17,19,0,1,0,19,79,"112Y12M"
"10008","南投縣","10008010","南投市",6067,61,5,581,18,44,699,2488,141,788,44,124,135,166,121,0,16,10,224,402,"112Y12M"
"10008","南投縣","10008020","埔里鎮",5466,169,3,191,30,19,590,2360,82,1054,32,29,96,108,110,0,12,7,182,392,"112Y12M"
"10008","南投縣","10008030","草屯鎮",6214,81,4,527,9,36,768,2699,104,703,48,86,137,153,110,0,23,12,220,494,"112Y12M"
"10008","南投縣","10008040","竹山鎮",3186,49,5,212,12,16,282,1628,46,433,15,18,42,54,50,0,5,7,88,224,"112Y12M"
"10008","南投縣","10008050","集集鎮",537,10,1,28,0,4,53,238,6,99,1,6,3,8,15,0,0,0,23,42,"112Y12M"
"10008","南投縣","10008060","名間鄉",1591,49,6,126,5,9,171,859,40,116,6,13,17,29,21,0,2,0,43,79,"112Y12M"
"10008","南投縣","10008070","鹿谷鄉",836,16,2,32,2,1,38,443,11,230,3,1,5,8,8,0,2,0,12,22,"112Y12M"
"10008","南投縣","10008080","中寮鄉",383,22,0,19,1,3,78,162,11,37,4,1,2,2,14,0,0,1,6,20,"112Y12M"
"10008","南投縣","10008090","魚池鄉",1236,39,1,26,6,5,53,380,23,472,4,7,10,7,34,0,0,1,142,26,"112Y12M"
"10008","南投縣","10008100","國姓鄉",738,41,2,33,5,3,116,324,10,130,6,2,2,9,9,0,0,0,9,37,"112Y12M"
"10008","南投縣","10008110","水里鄉",1060,30,4,28,10,1,166,489,23,163,5,8,4,14,12,0,2,2,33,66,"112Y12M"
"10008","南投縣","10008120","信義鄉",389,17,0,5,0,0,29,167,5,114,0,4,0,4,8,0,2,0,13,21,"112Y12M"
"10008","南投縣","10008130","仁愛鄉",714,24,0,15,1,1,15,258,12,343,2,2,5,3,9,0,0,1,17,6,"112Y12M"
"10009","雲林縣","10009010","斗六市",7995,58,7,530,43,42,889,3415,171,1047,50,127,275,235,171,0,39,19,239,638,"112Y12M"
"10009","雲林縣","10009020","斗南鎮",2825,61,1,230,4,18,273,1425,73,242,11,28,64,57,42,0,6,9,84,197,"112Y12M"
"10009","雲林縣","10009030","虎尾鎮",5311,84,1,361,24,35,657,2323,99,625,32,76,210,102,72,0,26,18,162,404,"112Y12M"
"10009","雲林縣","10009040","西螺鎮",2768,96,1,146,7,11,179,1685,69,225,16,23,35,29,19,0,8,3,83,133,"112Y12M"
"10009","雲林縣","10009050","土庫鎮",1480,72,0,96,16,10,202,783,34,103,4,11,25,21,17,0,2,0,28,56,"112Y12M"
"10009","雲林縣","10009060","北港鎮",2436,35,0,136,20,13,191,1353,32,297,9,21,24,44,19,0,5,4,75,158,"112Y12M"
"10009","雲林縣","10009070","古坑鄉",1167,38,2,60,4,12,178,543,20,177,6,5,13,25,16,0,5,2,16,45,"112Y12M"
"10009","雲林縣","10009080","大埤鄉",846,99,0,84,3,8,112,418,17,30,1,4,2,11,10,0,1,0,12,34,"112Y12M"
"10009","雲林縣","10009090","莿桐鄉",1342,31,3,146,6,15,224,690,24,68,2,12,13,6,14,0,3,1,27,57,"112Y12M"
"10009","雲林縣","10009100","林內鄉",675,21,3,67,3,10,95,324,7,47,3,6,8,13,14,0,1,1,14,38,"112Y12M"
"10009","雲林縣","10009110","二崙鄉",959,46,0,76,15,5,84,579,10,44,3,5,16,6,4,0,0,0,21,45,"112Y12M"
"10009","雲林縣","10009120","崙背鄉",1193,54,0,80,13,10,175,617,14,72,4,8,7,22,7,0,1,1,37,71,"112Y12M"
"10009","雲林縣","10009130","麥寮鄉",2202,34,3,164,39,15,615,738,20,254,4,14,45,23,28,0,1,0,88,117,"112Y12M"
"10009","雲林縣","10009140","東勢鄉",503,29,0,28,12,3,102,246,1,22,4,5,2,7,7,0,1,0,13,21,"112Y12M"
"10009","雲林縣","10009150","褒忠鄉",544,27,0,28,7,2,96,275,5,34,2,5,8,4,4,0,0,1,19,27,"112Y12M"
"10009","雲林縣","10009160","臺西鄉",646,11,2,36,13,10,150,307,9,33,4,3,4,9,8,0,0,5,14,28,"112Y12M"
"10009","雲林縣","10009170","元長鄉",998,82,1,77,18,12,88,583,6,37,2,3,8,10,11,0,1,1,12,46,"112Y12M"
"10009","雲林縣","10009180","四湖鄉",644,27,0,32,17,8,89,329,5,42,2,6,6,9,7,0,2,0,23,40,"112Y12M"
"10009","雲林縣","10009190","口湖鄉",783,31,0,38,22,13,128,444,5,33,3,2,1,4,6,0,0,0,14,39,"112Y12M"
"10009","雲林縣","10009200","水林鄉",830,59,1,50,24,11,112,437,7,31,3,7,5,14,8,0,1,0,12,48,"112Y12M"
"10010","嘉義縣","10010010","太保市",2366,44,0,254,13,19,321,991,56,269,11,27,68,47,42,0,8,9,53,134,"112Y12M"
"10010","嘉義縣","10010020","朴子市",2743,44,3,166,27,20,302,1210,70,374,14,31,40,58,51,0,5,0,82,246,"112Y12M"
"10010","嘉義縣","10010030","布袋鎮",907,28,1,64,6,7,75,418,54,115,3,10,11,11,25,0,1,1,27,50,"112Y12M"
"10010","嘉義縣","10010040","大林鎮",1589,49,0,126,11,15,124,808,29,199,6,13,17,20,33,0,3,8,33,95,"112Y12M"
"10010","嘉義縣","10010050","民雄鄉",4274,69,1,497,23,25,537,1706,80,586,25,45,78,62,93,0,11,6,123,307,"112Y12M"
"10010","嘉義縣","10010060","溪口鄉",530,44,0,52,4,4,59,270,4,31,2,2,5,6,9,0,0,0,13,25,"112Y12M"
"10010","嘉義縣","10010070","新港鄉",1388,66,0,119,15,18,184,621,28,113,8,8,12,18,36,0,1,0,46,95,"112Y12M"
"10010","嘉義縣","10010080","六腳鄉",823,35,0,96,3,7,116,383,41,32,5,5,7,13,17,0,0,2,12,49,"112Y12M"
"10010","嘉義縣","10010090","東石鄉",669,12,0,46,3,17,60,328,43,75,1,3,4,10,10,0,0,2,27,28,"112Y12M"
"10010","嘉義縣","10010100","義竹鄉",541,24,0,48,2,7,46,273,25,39,3,7,3,5,10,0,2,3,10,34,"112Y12M"
"10010","嘉義縣","10010110","鹿草鄉",465,25,1,36,10,3,55,224,25,23,2,4,4,5,9,0,0,0,12,27,"112Y12M"
"10010","嘉義縣","10010120","水上鄉",2619,30,4,285,9,20,452,1138,68,183,6,26,36,53,77,0,5,0,55,172,"112Y12M"
"10010","嘉義縣","10010130","中埔鄉",2231,54,1,139,7,22,355,972,52,226,9,14,23,43,63,0,4,1,69,177,"112Y12M"
"10010","嘉義縣","10010140","竹崎鄉",1366,29,1,83,3,10,203,649,30,193,3,8,16,18,24,0,0,0,20,76,"112Y12M"
"10010","嘉義縣","10010150","梅山鄉",803,23,0,43,1,5,65,410,4,154,3,6,15,9,11,0,0,0,13,41,"112Y12M"
"10010","嘉義縣","10010160","番路鄉",495,10,2,21,0,5,59,227,3,94,7,6,5,8,12,0,3,0,14,19,"112Y12M"
"10010","嘉義縣","10010170","大埔鄉",114,4,0,3,0,0,16,56,1,17,0,2,0,1,4,0,0,0,5,5,"112Y12M"
"10010","嘉義縣","10010180","阿里山鄉",362,10,0,2,0,0,6,177,2,134,3,2,6,3,6,0,0,1,9,1,"112Y12M"
"10013","屏東縣","10013010","屏東市",13932,98,7,559,42,71,1262,6218,278,2117,98,219,366,361,305,0,80,24,482,1345,"112Y12M"
"10013","屏東縣","10013020","潮州鎮",4081,40,3,103,23,24,442,1860,49,674,15,38,75,43,74,0,28,9,179,402,"112Y12M"
"10013","屏東縣","10013030","東港鎮",3222,81,3,87,9,17,241,1505,66,603,7,30,53,33,54,0,18,4,143,268,"112Y12M"
"10013","屏東縣","10013040","恆春鎮",3252,24,1,38,4,13,243,835,53,1441,5,15,32,28,125,0,25,1,234,135,"112Y12M"
"10013","屏東縣","10013050","萬丹鄉",2652,84,1,194,16,25,460,1203,41,247,4,22,19,43,37,0,11,2,71,172,"112Y12M"
"10013","屏東縣","10013060","長治鄉",1475,39,2,132,7,9,206,720,25,103,10,13,21,24,28,0,2,1,41,92,"112Y12M"
"10013","屏東縣","10013070","麟洛鄉",525,15,1,16,6,1,61,232,10,76,2,2,12,14,14,0,2,3,17,41,"112Y12M"
"10013","屏東縣","10013080","九如鄉",1015,54,1,54,2,15,181,471,12,78,0,8,10,15,21,0,1,0,19,73,"112Y12M"
"10013","屏東縣","10013090","里港鄉",1339,33,13,54,9,15,150,688,45,116,6,16,9,12,18,0,4,2,64,85,"112Y12M"
"10013","屏東縣","10013100","鹽埔鄉",968,28,2,47,6,10,181,469,12,85,1,7,8,12,13,0,2,1,30,54,"112Y12M"
"10013","屏東縣","10013110","高樹鄉",841,30,2,24,6,7,87,487,10,74,4,7,7,7,12,0,0,1,25,51,"112Y12M"
"10013","屏東縣","10013120","萬巒鄉",765,33,4,29,5,5,123,334,6,121,5,4,2,9,8,0,1,1,19,56,"112Y12M"
"10013","屏東縣","10013130","內埔鄉",3078,58,2,103,9,18,327,1322,21,536,11,21,123,60,58,0,6,5,115,283,"112Y12M"
"10013","屏東縣","10013140","竹田鄉",614,33,0,47,7,2,82,301,10,45,3,7,5,12,9,0,2,2,8,39,"112Y12M"
"10013","屏東縣","10013150","新埤鄉",379,25,0,13,1,3,59,175,2,43,0,2,2,3,7,0,0,4,11,29,"112Y12M"
"10013","屏東縣","10013160","枋寮鄉",1301,21,1,70,10,13,130,628,5,210,3,9,12,13,17,0,5,3,47,104,"112Y12M"
"10013","屏東縣","10013170","新園鄉",1447,47,1,110,16,30,199,661,31,130,2,9,10,22,21,0,2,1,47,108,"112Y12M"
"10013","屏東縣","10013180","崁頂鄉",408,21,0,23,0,6,75,178,10,39,2,2,2,1,13,0,2,0,5,29,"112Y12M"
"10013","屏東縣","10013190","林邊鄉",702,6,0,25,1,11,76,353,11,90,3,7,4,12,15,0,5,0,24,59,"112Y12M"
"10013","屏東縣","10013200","南州鄉",445,7,0,20,3,4,59,217,9,59,2,5,5,4,5,0,1,0,12,33,"112Y12M"
"10013","屏東縣","10013210","佳冬鄉",595,15,0,9,1,9,68,318,9,65,1,4,1,6,7,0,0,2,25,55,"112Y12M"
"10013","屏東縣","10013220","琉球鄉",919,1,0,1,1,9,29,205,19,436,1,4,3,2,68,0,1,0,104,35,"112Y12M"
"10013","屏東縣","10013230","車城鄉",417,9,0,5,0,5,44,168,4,126,0,3,3,3,12,0,2,1,15,17,"112Y12M"
"10013","屏東縣","10013240","滿州鄉",239,8,0,4,0,2,39,75,5,70,1,2,0,1,5,0,1,0,11,15,"112Y12M"
"10013","屏東縣","10013250","枋山鄉",223,4,1,6,3,1,9,129,2,45,0,2,0,3,3,0,0,0,8,7,"112Y12M"
"10013","屏東縣","10013260","三地門鄉",213,4,0,3,0,1,34,82,0,51,0,1,0,11,7,0,2,0,7,10,"112Y12M"
"10013","屏東縣","10013270","霧臺鄉",131,6,0,1,0,0,12,34,0,57,1,1,0,5,4,0,2,0,5,3,"112Y12M"
"10013","屏東縣","10013280","瑪家鄉",206,5,0,1,0,0,17,96,1,53,3,1,0,4,6,0,1,1,11,6,"112Y12M"
"10013","屏東縣","10013290","泰武鄉",154,6,0,1,0,0,31,58,1,33,0,1,0,6,3,0,0,0,12,2,"112Y12M"
"10013","屏東縣","10013300","來義鄉",169,2,0,2,0,2,44,78,2,24,1,1,0,2,0,0,0,1,6,4,"112Y12M"
"10013","屏東縣","10013310","春日鄉",122,3,0,2,0,1,16,58,2,23,0,1,0,0,4,0,0,1,5,6,"112Y12M"
"10013","屏東縣","10013320","獅子鄉",147,7,0,3,0,0,31,66,1,30,1,0,0,0,4,0,0,1,2,1,"112Y12M"
"10013","屏東縣","10013330","牡丹鄉",178,12,0,1,0,1,22,51,0,63,1,1,0,3,9,0,2,0,10,2,"112Y12M"
"10014","臺東縣","10014010","臺東市",8968,135,24,244,10,46,858,3556,144,1976,54,77,220,219,268,0,35,15,384,703,"112Y12M"
"10014","臺東縣","10014020","成功鎮",754,25,3,24,1,4,91,296,5,179,5,3,5,10,12,0,2,0,36,53,"112Y12M"
"10014","臺東縣","10014030","關山鎮",621,35,3,14,0,2,69,267,7,128,1,2,8,9,17,0,2,0,21,36,"112Y12M"
"10014","臺東縣","10014040","卑南鄉",817,40,5,27,2,5,88,336,5,168,3,4,16,13,35,0,1,1,29,39,"112Y12M"
"10014","臺東縣","10014050","鹿野鄉",477,36,5,12,0,2,29,234,1,80,4,4,4,8,12,0,1,0,14,31,"112Y12M"
"10014","臺東縣","10014060","池上鄉",658,41,3,21,0,2,33,299,6,162,4,2,4,7,28,0,3,0,17,26,"112Y12M"
"10014","臺東縣","10014070","東河鄉",448,23,1,15,0,0,21,192,5,122,3,3,5,9,4,0,3,0,26,16,"112Y12M"
"10014","臺東縣","10014080","長濱鄉",351,21,0,6,0,1,23,151,0,96,1,2,1,6,5,0,0,2,16,20,"112Y12M"
"10014","臺東縣","10014090","太麻里鄉",594,23,1,21,0,2,42,270,4,153,3,3,4,7,8,0,0,0,20,33,"112Y12M"
"10014","臺東縣","10014100","大武鄉",254,7,3,5,0,0,32,118,1,61,2,1,1,3,9,0,0,1,3,7,"112Y12M"
"10014","臺東縣","10014110","綠島鄉",429,0,0,2,0,3,14,88,3,179,2,1,7,1,52,0,5,0,62,10,"112Y12M"
"10014","臺東縣","10014120","海端鄉",114,11,0,2,0,0,6,55,0,18,0,2,0,2,3,0,0,0,14,1,"112Y12M"
"10014","臺東縣","10014130","延平鄉",104,5,0,5,0,0,4,46,1,25,0,1,0,4,0,0,0,0,9,4,"112Y12M"
"10014","臺東縣","10014140","金峰鄉",118,8,1,1,0,0,14,45,0,29,0,0,1,1,3,0,0,0,12,3,"112Y12M"
"10014","臺東縣","10014150","達仁鄉",109,4,0,3,0,0,9,45,0,28,0,1,0,3,2,0,0,0,7,7,"112Y12M"
"10014","臺東縣","10014160","蘭嶼鄉",350,4,1,9,1,2,20,72,4,174,3,1,4,4,19,0,2,0,22,8,"112Y12M"
"10015","花蓮縣","10015010","花蓮市",9432,38,50,246,12,33,836,3618,223,2274,66,139,309,236,251,0,42,20,411,628,"112Y12M"
"10015","花蓮縣","10015020","鳳林鎮",576,30,2,16,0,3,61,290,6,102,2,4,4,7,8,0,0,2,11,28,"112Y12M"
"10015","花蓮縣","10015030","玉里鎮",1596,126,11,35,1,7,147,745,15,268,7,8,18,23,41,0,5,2,40,97,"112Y12M"
"10015","花蓮縣","10015040","新城鄉",1251,17,9,56,3,5,170,505,36,226,11,7,29,21,32,0,4,2,46,72,"112Y12M"
"10015","花蓮縣","10015050","吉安鄉",5900,41,21,238,2,46,1032,2433,161,802,28,47,179,124,137,0,16,7,164,422,"112Y12M"
"10015","花蓮縣","10015060","壽豐鄉",1136,28,9,20,3,2,130,385,23,358,5,4,30,14,32,0,6,2,38,47,"112Y12M"
"10015","花蓮縣","10015070","光復鄉",650,28,3,13,2,1,72,334,8,103,3,2,4,11,12,0,4,0,23,27,"112Y12M"
"10015","花蓮縣","10015080","豐濱鄉",215,4,0,2,0,0,14,101,1,64,1,0,3,3,3,0,1,0,13,5,"112Y12M"
"10015","花蓮縣","10015090","瑞穗鄉",747,31,3,30,0,3,74,370,7,136,4,5,7,5,20,0,0,0,19,33,"112Y12M"
"10015","花蓮縣","10015100","富里鄉",554,74,2,10,0,3,32,289,4,73,2,4,3,6,13,0,0,0,14,25,"112Y12M"
"10015","花蓮縣","10015110","秀林鄉",579,1,6,10,1,1,67,251,11,144,5,2,1,8,21,0,7,3,28,12,"112Y12M"
"10015","花蓮縣","10015120","萬榮鄉",113,3,0,4,0,0,7,62,1,23,0,0,0,2,2,0,0,0,6,3,"112Y12M"
"10015","花蓮縣","10015130","卓溪鄉",135,14,0,0,0,1,18,80,0,13,2,1,0,1,2,0,1,0,2,0,"112Y12M"
"10016","澎湖縣","10016010","馬公市",6338,28,2,192,7,20,468,2413,175,1537,40,35,220,107,580,0,17,4,200,293,"112Y12M"
"10016","澎湖縣","10016020","湖西鄉",738,4,0,10,5,2,145,239,19,172,4,2,16,27,48,1,0,1,14,29,"112Y12M"
"10016","澎湖縣","10016030","白沙鄉",431,3,0,14,0,5,42,154,36,114,2,0,5,3,38,0,0,0,10,5,"112Y12M"
"10016","澎湖縣","10016040","西嶼鄉",280,3,1,17,0,1,15,133,10,58,2,0,2,5,15,0,1,0,6,11,"112Y12M"
"10016","澎湖縣","10016050","望安鄉",78,0,1,2,0,1,2,25,9,25,0,0,1,1,7,0,0,0,4,0,"112Y12M"
"10016","澎湖縣","10016060","七美鄉",114,1,0,3,0,0,9,39,6,37,1,0,0,1,7,0,0,0,5,5,"112Y12M"
"10017","基隆市","10017010","中正區",3424,5,2,132,1,22,395,1397,217,542,42,43,84,87,73,0,13,5,105,259,"112Y12M"
"10017","基隆市","10017020","七堵區",2847,1,2,156,2,27,412,1149,200,331,31,34,26,65,69,0,9,4,101,228,"112Y12M"
"10017","基隆市","10017030","暖暖區",1661,3,1,56,0,12,322,691,49,174,20,17,31,50,42,0,5,1,62,125,"112Y12M"
"10017","基隆市","10017040","仁愛區",4759,3,1,75,1,7,193,2028,495,921,27,67,48,84,69,0,20,3,224,493,"112Y12M"
"10017","基隆市","10017050","中山區",2039,0,1,50,1,13,341,798,117,299,18,21,19,52,49,0,3,2,71,184,"112Y12M"
"10017","基隆市","10017060","安樂區",3113,4,0,115,0,16,465,1385,108,368,41,30,54,99,88,0,9,2,81,248,"112Y12M"
"10017","基隆市","10017070","信義區",2294,5,2,61,1,25,361,929,82,300,33,31,41,74,63,0,12,3,63,208,"112Y12M"
"10018","新竹市","10018010","東區",17420,38,11,1206,29,60,1182,7539,255,2575,326,771,691,613,351,0,143,18,478,1134,"112Y12M"
"10018","新竹市","10018020","北區",9151,20,5,524,17,54,1143,3702,144,1110,132,340,406,364,268,0,44,18,250,610,"112Y12M"
"10018","新竹市","10018030","香山區",4490,15,2,729,7,50,838,1650,69,284,39,124,113,119,116,0,10,1,86,238,"112Y12M"
"10020","嘉義市","10020010","東區",7965,31,0,313,16,24,637,3590,153,1425,61,150,275,232,172,0,41,7,206,632,"112Y12M"
"10020","嘉義市","10020020","西區",11815,42,3,452,26,53,977,5507,261,1566,82,213,509,334,264,0,64,14,384,1064,"112Y12M"
"09020","金門縣","09020010","金城鎮",0,0,0,0,0,0,0,0,0,0,0,0,0,0,0,0,0,0,0,0,"112Y12M"
"09020","金門縣","09020020","金沙鎮",0,0,0,0,0,0,0,0,0,0,0,0,0,0,0,0,0,0,0,0,"112Y12M"
"09020","金門縣","09020030","金湖鎮",0,0,0,0,0,0,0,0,0,0,0,0,0,0,0,0,0,0,0,0,"112Y12M"
"09020","金門縣","09020040","金寧鄉",0,0,0,0,0,0,0,0,0,0,0,0,0,0,0,0,0,0,0,0,"112Y12M"
"09020","金門縣","09020050","烈嶼鄉",0,0,0,0,0,0,0,0,0,0,0,0,0,0,0,0,0,0,0,0,"112Y12M"
"09020","金門縣","09020060","烏坵鄉",0,0,0,0,0,0,0,0,0,0,0,0,0,0,0,0,0,0,0,0,"112Y12M"
"09007","連江縣","09007010","南竿鄉",0,0,0,0,0,0,0,0,0,0,0,0,0,0,0,0,0,0,0,0,"112Y12M"
"09007","連江縣","09007020","北竿鄉",0,0,0,0,0,0,0,0,0,0,0,0,0,0,0,0,0,0,0,0,"112Y12M"
"09007","連江縣","09007030","莒光鄉",0,0,0,0,0,0,0,0,0,0,0,0,0,0,0,0,0,0,0,0,"112Y12M"
"09007","連江縣","09007040","東引鄉",0,0,0,0,0,0,0,0,0,0,0,0,0,0,0,0,0,0,0,0,"112Y12M"
